Shop;Name;Price;Image URL;Product URL
RunCam;RunCam Nano 4(NTSC ONLY);US$19.99;https://cdn10.bigcommerce.com/s-m8o52p/products/353/images/1709/RunCam-Nano4-1__63949.1635737561.210.210.jpg?c=3;https://shop.runcam.com/runcam-nano-4-ntsc-only/
RunCam;RunCam Split 4;US$82.99;https://cdn10.bigcommerce.com/s-m8o52p/products/348/images/2130/sp4-02__87379.1706871777.210.210.png?c=3;https://shop.runcam.com/runcam-split-4/
RunCam;RunCam Phoenix 2;US$29.99;https://cdn10.bigcommerce.com/s-m8o52p/products/341/images/1815/2-2__46858.1644892341.210.210.jpg?c=3;https://shop.runcam.com/runcam-phoenix-2/
RunCam;RunCam Racer Nano 2 V2;US$35.99 US$31.99;https://cdn10.bigcommerce.com/s-m8o52p/products/329/images/1470/RACER-NANO-2-1000-l18-1__00290.1585033788.210.210.jpg?c=3;https://shop.runcam.com/runcam-racer-nano-2-v2/
RunCam;RunCam Nano 2;US$19.99 US$14.99;https://cdn10.bigcommerce.com/s-m8o52p/products/306/images/1266/NKD_1722__44932.1553753952.210.210.JPG?c=3;https://shop.runcam.com/runcam-nano-2/
RunCam;RunCam RC18G FPV Super FOV Lens for DJI FPV camera, Phoenix and Swift 2;US$12.99;https://cdn10.bigcommerce.com/s-m8o52p/products/283/images/1395/RC18G-1__37513.1573636638.210.210.jpg?c=3;https://shop.runcam.com/runcam-rc18g
RunCam;2pin extension cord for menu cable;US$2.99;https://cdn10.bigcommerce.com/s-m8o52p/products/170/images/580/SW2-2PCABLE__72749.1484020719.210.210.jpg?c=3;https://shop.runcam.com/2pin-extension-cord-for-menu-cable/
RunCam;RunCam RC25G FPV Lens 2.5mm FOV140 Wide Angle for Swift Series, Eagle 4:3 Series, Split 1/2;US$12.99;https://cdn10.bigcommerce.com/s-m8o52p/products/165/images/589/BB0006-1-banner__18963.1484117752.210.210.jpg?c=3;https://shop.runcam.com/lens-runcam-swift-rr/
Shop;Name;Price;Image URL;Product URL
Amazon;Tbest FPV Camera, High Definition 1500TVL 2.1MM Lens OSD Mini FPV Camera for FPV Quadcopter Drone Car Model Accessory Model Toy;No featured offers available£25.79(2 new offers);https://m.media-amazon.com/images/I/51tHwVB9PnL._AC_UL320_.jpg;https://www.amazon.co.uk/Tbest-Camera-Definition-1500TVL-Quadcopter/dp/B08GC9J718/ref=sr_1_2?dib=eyJ2IjoiMSJ9.xl3OVW2q0urN9Y88tuScsSZPRz2xaTK7DP_-6IbFy3W1pI2nji72LQZDVV28mnE6SfFQI-0-4rJY88Hgxq_5oMBKI7jMnRENkfL2d8EnO2RyB9lf8LvLEsx9PP0qHq79kGCYtQ8zASwOyjF7ksaG6QAYy8TyiykjgLmQnBM14mxN2O7cR38lr2mF0-JZ9WAKsEjSGQTVxFPOR8fkBW4snighx_P6AJvYvnmtFJYb_kryMmlQSg2jA7BwdBRbBvmr2V4wiAILASz2NvwumEY01BbAsVTZ-o6bzqBkybh1qFs.s19HMf7XGY29RaD9rHxLpEn_YjnreLfSRmyB8pcKFQw&dib_tag=se&keywords=camera+fpv&qid=1713351641&sr=8-2
Amazon;BETAFPV C02 FPV Micro Camera 1/4’’ CMOS Sensor 1200TVL 2.1mm Lens NTSC FOV 160 Degree with Global WDR for Micro Whoop Drone Like Meteor Cetus Series Drones;"No featured offers available£18.99	
(1 new offer)";https://m.media-amazon.com/images/I/61wgA28SJ3S._AC_UL320_.jpg;https://www.amazon.co.uk/BETAFPV-Camera-800TVL-Degree-Quadcopter/dp/B087Q8S9JB/ref=sr_1_3?dib=eyJ2IjoiMSJ9.xl3OVW2q0urN9Y88tuScsSZPRz2xaTK7DP_-6IbFy3W1pI2nji72LQZDVV28mnE6SfFQI-0-4rJY88Hgxq_5oMBKI7jMnRENkfL2d8EnO2RyB9lf8LvLEsx9PP0qHq79kGCYtQ8zASwOyjF7ksaG6QAYy8TyiykjgLmQnBM14mxN2O7cR38lr2mF0-JZ9WAKsEjSGQTVxFPOR8fkBW4snighx_P6AJvYvnmtFJYb_kryMmlQSg2jA7BwdBRbBvmr2V4wiAILASz2NvwumEY01BbAsVTZ-o6bzqBkybh1qFs.s19HMf7XGY29RaD9rHxLpEn_YjnreLfSRmyB8pcKFQw&dib_tag=se&keywords=camera+fpv&qid=1713351641&sr=8-3
Amazon;RunCam Phoenix 2 Freestyle FPV Camera for Drone Copter 1000TVL Joshua COMS PAL / NTSC Switchable for Quadcopter Phoenix2 Nano (Phoenix2-Joshua);"No featured offers available£59.99	
(1 new offer)";https://m.media-amazon.com/images/I/517H-+YDWdL._AC_UL320_.jpg;https://www.amazon.co.uk/Freestyle-Switchable-Quadcopter-Phoenix2-Phoenix2-Joshua/dp/B08BNNQZ8G/ref=sr_1_5?dib=eyJ2IjoiMSJ9.xl3OVW2q0urN9Y88tuScsSZPRz2xaTK7DP_-6IbFy3W1pI2nji72LQZDVV28mnE6SfFQI-0-4rJY88Hgxq_5oMBKI7jMnRENkfL2d8EnO2RyB9lf8LvLEsx9PP0qHq79kGCYtQ8zASwOyjF7ksaG6QAYy8TyiykjgLmQnBM14mxN2O7cR38lr2mF0-JZ9WAKsEjSGQTVxFPOR8fkBW4snighx_P6AJvYvnmtFJYb_kryMmlQSg2jA7BwdBRbBvmr2V4wiAILASz2NvwumEY01BbAsVTZ-o6bzqBkybh1qFs.s19HMf7XGY29RaD9rHxLpEn_YjnreLfSRmyB8pcKFQw&dib_tag=se&keywords=camera+fpv&qid=1713351641&sr=8-5
Amazon;ORDRO Video Camera EP8 Head Mounted Camera FPV Capture, Camcorder Video Camera 4K 60fps Vlogging Camera with 2-Axis Gimbal Stabilizer, Remote Control & 64GB MicroSD Card;"No featured offers available£339.99	
(1 new offer)";https://m.media-amazon.com/images/I/61LjcjuVORL._AC_UL320_.jpg;https://www.amazon.co.uk/ORDRO-EP8-Hands-Free-Camcorder-Stabilizer/dp/B0B3QQ3VBM/ref=sr_1_6?dib=eyJ2IjoiMSJ9.xl3OVW2q0urN9Y88tuScsSZPRz2xaTK7DP_-6IbFy3W1pI2nji72LQZDVV28mnE6SfFQI-0-4rJY88Hgxq_5oMBKI7jMnRENkfL2d8EnO2RyB9lf8LvLEsx9PP0qHq79kGCYtQ8zASwOyjF7ksaG6QAYy8TyiykjgLmQnBM14mxN2O7cR38lr2mF0-JZ9WAKsEjSGQTVxFPOR8fkBW4snighx_P6AJvYvnmtFJYb_kryMmlQSg2jA7BwdBRbBvmr2V4wiAILASz2NvwumEY01BbAsVTZ-o6bzqBkybh1qFs.s19HMf7XGY29RaD9rHxLpEn_YjnreLfSRmyB8pcKFQw&dib_tag=se&keywords=camera+fpv&qid=1713351641&sr=8-6
Amazon;DJI Avata 2 Fly More Combo (1 Battery), FPV Drone with Camera 4K, Immersive Experience, Built-in Propeller Guard, Easy Flip/Roll, Goggles 3 and RC Motion 3 Included, POV Content Camera Drone, Black;Only 1 left in stock.;https://m.media-amazon.com/images/I/61fnQwkiYHL._AC_UL320_.jpg;https://www.amazon.co.uk/DJI-Immersive-Experience-Propeller-Included/dp/B0CS6GJJJG/ref=sr_1_7?dib=eyJ2IjoiMSJ9.xl3OVW2q0urN9Y88tuScsSZPRz2xaTK7DP_-6IbFy3W1pI2nji72LQZDVV28mnE6SfFQI-0-4rJY88Hgxq_5oMBKI7jMnRENkfL2d8EnO2RyB9lf8LvLEsx9PP0qHq79kGCYtQ8zASwOyjF7ksaG6QAYy8TyiykjgLmQnBM14mxN2O7cR38lr2mF0-JZ9WAKsEjSGQTVxFPOR8fkBW4snighx_P6AJvYvnmtFJYb_kryMmlQSg2jA7BwdBRbBvmr2V4wiAILASz2NvwumEY01BbAsVTZ-o6bzqBkybh1qFs.s19HMf7XGY29RaD9rHxLpEn_YjnreLfSRmyB8pcKFQw&dib_tag=se&keywords=camera+fpv&qid=1713351641&sr=8-7
Amazon;DJI Avata Fly Smart Combo (DJI FPV Goggles V2) - First-Person View Drone UAV Quadcopter with 4K Stabilized Video, Super-Wide 155° FOV, Built-in Propeller Guard, HD Low-Latency Transmission, Black;Only 3 left in stock.;https://m.media-amazon.com/images/I/51gqB2a+0GL._AC_UL320_.jpg;https://www.amazon.co.uk/DJI-Avata-Smart-Goggles-Built/dp/B0B21FGVWQ/ref=sr_1_8?dib=eyJ2IjoiMSJ9.xl3OVW2q0urN9Y88tuScsSZPRz2xaTK7DP_-6IbFy3W1pI2nji72LQZDVV28mnE6SfFQI-0-4rJY88Hgxq_5oMBKI7jMnRENkfL2d8EnO2RyB9lf8LvLEsx9PP0qHq79kGCYtQ8zASwOyjF7ksaG6QAYy8TyiykjgLmQnBM14mxN2O7cR38lr2mF0-JZ9WAKsEjSGQTVxFPOR8fkBW4snighx_P6AJvYvnmtFJYb_kryMmlQSg2jA7BwdBRbBvmr2V4wiAILASz2NvwumEY01BbAsVTZ-o6bzqBkybh1qFs.s19HMf7XGY29RaD9rHxLpEn_YjnreLfSRmyB8pcKFQw&dib_tag=se&keywords=camera+fpv&qid=1713351641&sr=8-8
Amazon;DJI O3 Air Unit for FPV Drone, Digital Transmission System, 10km Max Range, 1080p/100fps H.265 Video Transmission, Compatible with DJI Goggles 2, DJI FPV Goggles V2, and DJI FPV Remote Controller 2;No featured offers available£196.63(19 used & new offers);https://m.media-amazon.com/images/I/51bfbwLcxRL._AC_UL320_.jpg;https://www.amazon.co.uk/DJI-Digital-Transmission-Compatible-Controller/dp/B0BBQT3TTS/ref=sr_1_9?dib=eyJ2IjoiMSJ9.xl3OVW2q0urN9Y88tuScsSZPRz2xaTK7DP_-6IbFy3W1pI2nji72LQZDVV28mnE6SfFQI-0-4rJY88Hgxq_5oMBKI7jMnRENkfL2d8EnO2RyB9lf8LvLEsx9PP0qHq79kGCYtQ8zASwOyjF7ksaG6QAYy8TyiykjgLmQnBM14mxN2O7cR38lr2mF0-JZ9WAKsEjSGQTVxFPOR8fkBW4snighx_P6AJvYvnmtFJYb_kryMmlQSg2jA7BwdBRbBvmr2V4wiAILASz2NvwumEY01BbAsVTZ-o6bzqBkybh1qFs.s19HMf7XGY29RaD9rHxLpEn_YjnreLfSRmyB8pcKFQw&dib_tag=se&keywords=camera+fpv&qid=1713351641&sr=8-9
Amazon;RunCam Wasp Digital FPV Camera Kit with 720p120fps Micro FPV Camera & Air Unit HD Digital FPV VTX for RC Hobbies FPV Drone Compatible with Caddx Vista Polar DJI FPV Air Unit;"No featured offers available£189.99	
(1 new offer)";https://m.media-amazon.com/images/I/518f1HI8lRL._AC_UL320_.jpg;https://www.amazon.co.uk/RunCam-Digital-720p120fps-Hobbies-Compatible/dp/B0BLH8B7T5/ref=sr_1_11?dib=eyJ2IjoiMSJ9.xl3OVW2q0urN9Y88tuScsSZPRz2xaTK7DP_-6IbFy3W1pI2nji72LQZDVV28mnE6SfFQI-0-4rJY88Hgxq_5oMBKI7jMnRENkfL2d8EnO2RyB9lf8LvLEsx9PP0qHq79kGCYtQ8zASwOyjF7ksaG6QAYy8TyiykjgLmQnBM14mxN2O7cR38lr2mF0-JZ9WAKsEjSGQTVxFPOR8fkBW4snighx_P6AJvYvnmtFJYb_kryMmlQSg2jA7BwdBRbBvmr2V4wiAILASz2NvwumEY01BbAsVTZ-o6bzqBkybh1qFs.s19HMf7XGY29RaD9rHxLpEn_YjnreLfSRmyB8pcKFQw&dib_tag=se&keywords=camera+fpv&qid=1713351641&sr=8-11
Amazon;Drone with Camera HD 2 Cameras Mini Drones for Adults Beginner 135° Electrically Adjustable RC FPV WIFI Foldable Quadcopter 360° Flips Stunt Gravity Control Altitude Hold for Beginners 2 Batteries;"No featured offers available£39.99	
(1 new offer)";https://m.media-amazon.com/images/I/71ghOFw61jL._AC_UL320_.jpg;https://www.amazon.co.uk/Electrically-Adjustable-Quadcopter-Beginners-Batteries/dp/B0C3RVXWTP/ref=sr_1_12?dib=eyJ2IjoiMSJ9.xl3OVW2q0urN9Y88tuScsSZPRz2xaTK7DP_-6IbFy3W1pI2nji72LQZDVV28mnE6SfFQI-0-4rJY88Hgxq_5oMBKI7jMnRENkfL2d8EnO2RyB9lf8LvLEsx9PP0qHq79kGCYtQ8zASwOyjF7ksaG6QAYy8TyiykjgLmQnBM14mxN2O7cR38lr2mF0-JZ9WAKsEjSGQTVxFPOR8fkBW4snighx_P6AJvYvnmtFJYb_kryMmlQSg2jA7BwdBRbBvmr2V4wiAILASz2NvwumEY01BbAsVTZ-o6bzqBkybh1qFs.s19HMf7XGY29RaD9rHxLpEn_YjnreLfSRmyB8pcKFQw&dib_tag=se&keywords=camera+fpv&qid=1713351641&sr=8-12
Amazon;DJI Mini 3 Fly More Combo – Lightweight and Foldable Mini Camera Drone with 4K HDR Video, 38-min Flight Time, True Vertical Shooting, and Intelligent Features;No featured offers available£569.00(4 new offers);https://m.media-amazon.com/images/I/611FSt5ppvL._AC_UL320_.jpg;https://www.amazon.co.uk/DJI-Mini-Fly-More-Combo/dp/B0BL3Q4M8S/ref=sr_1_15?dib=eyJ2IjoiMSJ9.xl3OVW2q0urN9Y88tuScsSZPRz2xaTK7DP_-6IbFy3W1pI2nji72LQZDVV28mnE6SfFQI-0-4rJY88Hgxq_5oMBKI7jMnRENkfL2d8EnO2RyB9lf8LvLEsx9PP0qHq79kGCYtQ8zASwOyjF7ksaG6QAYy8TyiykjgLmQnBM14mxN2O7cR38lr2mF0-JZ9WAKsEjSGQTVxFPOR8fkBW4snighx_P6AJvYvnmtFJYb_kryMmlQSg2jA7BwdBRbBvmr2V4wiAILASz2NvwumEY01BbAsVTZ-o6bzqBkybh1qFs.s19HMf7XGY29RaD9rHxLpEn_YjnreLfSRmyB8pcKFQw&dib_tag=se&keywords=camera+fpv&qid=1713351641&sr=8-15
Amazon;Holy Stone HS280 Foldable Drone with 1080P Camera for Adults and Kids, RC Quadcopter with Gravity Mode, Tap Fly, Voice and Gesture Control, Selfie, Altitude Hold, Headless Mode, 2 Modular Batteries;"No featured offers available£119.99	
(1 new offer)";https://m.media-amazon.com/images/I/61Qkw7kyYGL._AC_UL320_.jpg;https://www.amazon.co.uk/Foldable-Quadcopter-Altitude-Headless-Batteries/dp/B0C5D3MHRQ/ref=sr_1_16?dib=eyJ2IjoiMSJ9.xl3OVW2q0urN9Y88tuScsSZPRz2xaTK7DP_-6IbFy3W1pI2nji72LQZDVV28mnE6SfFQI-0-4rJY88Hgxq_5oMBKI7jMnRENkfL2d8EnO2RyB9lf8LvLEsx9PP0qHq79kGCYtQ8zASwOyjF7ksaG6QAYy8TyiykjgLmQnBM14mxN2O7cR38lr2mF0-JZ9WAKsEjSGQTVxFPOR8fkBW4snighx_P6AJvYvnmtFJYb_kryMmlQSg2jA7BwdBRbBvmr2V4wiAILASz2NvwumEY01BbAsVTZ-o6bzqBkybh1qFs.s19HMf7XGY29RaD9rHxLpEn_YjnreLfSRmyB8pcKFQw&dib_tag=se&keywords=camera+fpv&qid=1713351641&sr=8-16
Amazon;Brushless Motor Drones with 2 Cameras 40KM/h MAX Wind Resistance Class 4 WIFI 5GHz FPV Drone with dual camera for Adults RC dron for Beginners Quadcopter 2 Batteries 30 Minutes X15 drone;"No featured offers available£83.99	
(1 new offer)";https://m.media-amazon.com/images/I/71cQKOe5hJL._AC_UL320_.jpg;https://www.amazon.co.uk/Brushless-Resistance-Beginners-Quadcopter-Batteries/dp/B0C596VLDJ/ref=sr_1_18?dib=eyJ2IjoiMSJ9.xl3OVW2q0urN9Y88tuScsSZPRz2xaTK7DP_-6IbFy3W1pI2nji72LQZDVV28mnE6SfFQI-0-4rJY88Hgxq_5oMBKI7jMnRENkfL2d8EnO2RyB9lf8LvLEsx9PP0qHq79kGCYtQ8zASwOyjF7ksaG6QAYy8TyiykjgLmQnBM14mxN2O7cR38lr2mF0-JZ9WAKsEjSGQTVxFPOR8fkBW4snighx_P6AJvYvnmtFJYb_kryMmlQSg2jA7BwdBRbBvmr2V4wiAILASz2NvwumEY01BbAsVTZ-o6bzqBkybh1qFs.s19HMf7XGY29RaD9rHxLpEn_YjnreLfSRmyB8pcKFQw&dib_tag=se&keywords=camera+fpv&qid=1713351641&sr=8-18
Amazon;F407 Obstacle Avoidance Drone with 4K HD FPV Camera, Foldable RC Quadcopter for Adults with Optical Flow Positioning, One Key Start Speed Adjustment, Headless Mode for Beginners, 2 Batteries;"No featured offers available£47.19	
(1 new offer)";https://m.media-amazon.com/images/I/718QQp5sFwL._AC_UL320_.jpg;https://www.amazon.co.uk/Avoidance-Quadcopter-Positioning-Adjustment-Beginners/dp/B0CJFFDZZ5/ref=sr_1_19?dib=eyJ2IjoiMSJ9.xl3OVW2q0urN9Y88tuScsSZPRz2xaTK7DP_-6IbFy3W1pI2nji72LQZDVV28mnE6SfFQI-0-4rJY88Hgxq_5oMBKI7jMnRENkfL2d8EnO2RyB9lf8LvLEsx9PP0qHq79kGCYtQ8zASwOyjF7ksaG6QAYy8TyiykjgLmQnBM14mxN2O7cR38lr2mF0-JZ9WAKsEjSGQTVxFPOR8fkBW4snighx_P6AJvYvnmtFJYb_kryMmlQSg2jA7BwdBRbBvmr2V4wiAILASz2NvwumEY01BbAsVTZ-o6bzqBkybh1qFs.s19HMf7XGY29RaD9rHxLpEn_YjnreLfSRmyB8pcKFQw&dib_tag=se&keywords=camera+fpv&qid=1713351641&sr=8-19
Amazon;RunCam Racer FPV Cam CMOS OSD 1000TVL Super WDR 6ms Low Latency Gesture Control for FPV Racing Drone (RacerNano 3);"No featured offers available£49.99	
(1 new offer)";https://m.media-amazon.com/images/I/51uYUIvNjzL._AC_UL320_.jpg;https://www.amazon.co.uk/RunCam-racernano2-Racer-Nano-RacerNano/dp/B09B1L23Y8/ref=sr_1_20?dib=eyJ2IjoiMSJ9.xl3OVW2q0urN9Y88tuScsSZPRz2xaTK7DP_-6IbFy3W1pI2nji72LQZDVV28mnE6SfFQI-0-4rJY88Hgxq_5oMBKI7jMnRENkfL2d8EnO2RyB9lf8LvLEsx9PP0qHq79kGCYtQ8zASwOyjF7ksaG6QAYy8TyiykjgLmQnBM14mxN2O7cR38lr2mF0-JZ9WAKsEjSGQTVxFPOR8fkBW4snighx_P6AJvYvnmtFJYb_kryMmlQSg2jA7BwdBRbBvmr2V4wiAILASz2NvwumEY01BbAsVTZ-o6bzqBkybh1qFs.s19HMf7XGY29RaD9rHxLpEn_YjnreLfSRmyB8pcKFQw&dib_tag=se&keywords=camera+fpv&qid=1713351641&sr=8-20
Amazon;Brushless Super Endurance Foldable Quadcopter Drone for Beginners–40+ mins Flight Time, Wi-Fi FPV Drone with 120°Wide-Angle 1080P HD Camera, Follow me, Dual Cameras(2 Batteries);"No featured offers available£149.99	
(1 new offer)";https://m.media-amazon.com/images/I/71l7Q37bO8L._AC_UL320_.jpg;https://www.amazon.co.uk/Brushless-Endurance-Quadcopter-Beginners-40-120%C2%B0Wide-Angle/dp/B0CHMBN4X8/ref=sr_1_22?dib=eyJ2IjoiMSJ9.xl3OVW2q0urN9Y88tuScsSZPRz2xaTK7DP_-6IbFy3W1pI2nji72LQZDVV28mnE6SfFQI-0-4rJY88Hgxq_5oMBKI7jMnRENkfL2d8EnO2RyB9lf8LvLEsx9PP0qHq79kGCYtQ8zASwOyjF7ksaG6QAYy8TyiykjgLmQnBM14mxN2O7cR38lr2mF0-JZ9WAKsEjSGQTVxFPOR8fkBW4snighx_P6AJvYvnmtFJYb_kryMmlQSg2jA7BwdBRbBvmr2V4wiAILASz2NvwumEY01BbAsVTZ-o6bzqBkybh1qFs.s19HMf7XGY29RaD9rHxLpEn_YjnreLfSRmyB8pcKFQw&dib_tag=se&keywords=camera+fpv&qid=1713351641&sr=8-22
Amazon;BETAFPV Cetus Pro Brushless Whoop with Camera 3 Flight Modes Altitude Hold Self-Protection Emergency Landing Function Turtle Mode Compatible for FPV Beginner Starters Train Player-to-Pilot;"No featured offers available£128.99	
(1 new offer)";https://m.media-amazon.com/images/I/51WLtFFmTxL._AC_UL320_.jpg;https://www.amazon.co.uk/BETAFPV-Brushless-Self-Protection-Emergency-Compatible/dp/B09H5NP81C/ref=sr_1_23?dib=eyJ2IjoiMSJ9.xl3OVW2q0urN9Y88tuScsSZPRz2xaTK7DP_-6IbFy3W1pI2nji72LQZDVV28mnE6SfFQI-0-4rJY88Hgxq_5oMBKI7jMnRENkfL2d8EnO2RyB9lf8LvLEsx9PP0qHq79kGCYtQ8zASwOyjF7ksaG6QAYy8TyiykjgLmQnBM14mxN2O7cR38lr2mF0-JZ9WAKsEjSGQTVxFPOR8fkBW4snighx_P6AJvYvnmtFJYb_kryMmlQSg2jA7BwdBRbBvmr2V4wiAILASz2NvwumEY01BbAsVTZ-o6bzqBkybh1qFs.s19HMf7XGY29RaD9rHxLpEn_YjnreLfSRmyB8pcKFQw&dib_tag=se&keywords=camera+fpv&qid=1713351641&sr=8-23
Amazon;F417 Brushless Motor Drone with Dual Camera for Adults, 4K Adjustable Camera Drones, 5GHz WiFi FPV RC Quadcopter with Optical Flow Positioning for Beginners, 3D Flips, 2 Batteries;"No featured offers available£65.99	
(1 new offer)";https://m.media-amazon.com/images/I/71aHVtaKcWL._AC_UL320_.jpg;https://www.amazon.co.uk/Brushless-Adjustable-Quadcopter-Positioning-Beginners/dp/B0CJC6GLHZ/ref=sr_1_25?dib=eyJ2IjoiMSJ9.xl3OVW2q0urN9Y88tuScsSZPRz2xaTK7DP_-6IbFy3W1pI2nji72LQZDVV28mnE6SfFQI-0-4rJY88Hgxq_5oMBKI7jMnRENkfL2d8EnO2RyB9lf8LvLEsx9PP0qHq79kGCYtQ8zASwOyjF7ksaG6QAYy8TyiykjgLmQnBM14mxN2O7cR38lr2mF0-JZ9WAKsEjSGQTVxFPOR8fkBW4snighx_P6AJvYvnmtFJYb_kryMmlQSg2jA7BwdBRbBvmr2V4wiAILASz2NvwumEY01BbAsVTZ-o6bzqBkybh1qFs.s19HMf7XGY29RaD9rHxLpEn_YjnreLfSRmyB8pcKFQw&dib_tag=se&keywords=camera+fpv&qid=1713351641&sr=8-25
Amazon;S96 Mini Drone with Dual Camera, 1080P HD Foldable FPV Drone, Obstacle Avoidance, Altitude Hold, Remote Control Quadcopter, 360° Flip, Gift for Boys and Girls;"No featured offers available£48.19	
(1 new offer)";https://m.media-amazon.com/images/I/51u-Nps3lnL._AC_UL320_.jpg;https://www.amazon.co.uk/Foldable-Obstacle-Avoidance-Altitude-Quadcopter/dp/B0BVMRCHZN/ref=sr_1_27?dib=eyJ2IjoiMSJ9.xl3OVW2q0urN9Y88tuScsSZPRz2xaTK7DP_-6IbFy3W1pI2nji72LQZDVV28mnE6SfFQI-0-4rJY88Hgxq_5oMBKI7jMnRENkfL2d8EnO2RyB9lf8LvLEsx9PP0qHq79kGCYtQ8zASwOyjF7ksaG6QAYy8TyiykjgLmQnBM14mxN2O7cR38lr2mF0-JZ9WAKsEjSGQTVxFPOR8fkBW4snighx_P6AJvYvnmtFJYb_kryMmlQSg2jA7BwdBRbBvmr2V4wiAILASz2NvwumEY01BbAsVTZ-o6bzqBkybh1qFs.s19HMf7XGY29RaD9rHxLpEn_YjnreLfSRmyB8pcKFQw&dib_tag=se&keywords=camera+fpv&qid=1713351641&sr=8-27
Amazon;DJI FPV - Protective Lens Cover, Camera Protection for DJI FPV Drone, Dust and Scratch Proof, Provides full protection when transporting the drone;Only 8 left in stock.;https://m.media-amazon.com/images/I/41THeY+oV7L._AC_UL320_.jpg;https://www.amazon.co.uk/DJI-FPV-Protective-Protection-transporting/dp/B07FSWT26Q/ref=sr_1_28?dib=eyJ2IjoiMSJ9.xl3OVW2q0urN9Y88tuScsSZPRz2xaTK7DP_-6IbFy3W1pI2nji72LQZDVV28mnE6SfFQI-0-4rJY88Hgxq_5oMBKI7jMnRENkfL2d8EnO2RyB9lf8LvLEsx9PP0qHq79kGCYtQ8zASwOyjF7ksaG6QAYy8TyiykjgLmQnBM14mxN2O7cR38lr2mF0-JZ9WAKsEjSGQTVxFPOR8fkBW4snighx_P6AJvYvnmtFJYb_kryMmlQSg2jA7BwdBRbBvmr2V4wiAILASz2NvwumEY01BbAsVTZ-o6bzqBkybh1qFs.s19HMf7XGY29RaD9rHxLpEn_YjnreLfSRmyB8pcKFQw&dib_tag=se&keywords=camera+fpv&qid=1713351641&sr=8-28
Amazon;BETAFPV Meteor75 1S Micro FPV Whoop Drone Quadcopter for FPV Racing Freestyle Flight Indoor Outdoor Fly Up to 6 Minutes with F4 1S 5A Flight Controller 0802SE 19500KV Motor C03 Camera - Frsky;"No featured offers available£127.99	
(1 new offer)";https://m.media-amazon.com/images/I/617qzmVHplL._AC_UL320_.jpg;https://www.amazon.co.uk/BETAFPV-Meteor75-Quadcopter-Freestyle-Controller/dp/B0BMVCTF1T/ref=sr_1_29?dib=eyJ2IjoiMSJ9.xl3OVW2q0urN9Y88tuScsSZPRz2xaTK7DP_-6IbFy3W1pI2nji72LQZDVV28mnE6SfFQI-0-4rJY88Hgxq_5oMBKI7jMnRENkfL2d8EnO2RyB9lf8LvLEsx9PP0qHq79kGCYtQ8zASwOyjF7ksaG6QAYy8TyiykjgLmQnBM14mxN2O7cR38lr2mF0-JZ9WAKsEjSGQTVxFPOR8fkBW4snighx_P6AJvYvnmtFJYb_kryMmlQSg2jA7BwdBRbBvmr2V4wiAILASz2NvwumEY01BbAsVTZ-o6bzqBkybh1qFs.s19HMf7XGY29RaD9rHxLpEn_YjnreLfSRmyB8pcKFQw&dib_tag=se&keywords=camera+fpv&qid=1713351641&sr=8-29
Amazon;F406 Drone with Camera for Adults, 4K HD FPV Video Foldable Drones, 135° Adjustable Lens, RC Quadcopter with Altitude Hold and Headless Mode for Beginners, 3D Flips, 2 Modular Batteries;"No featured offers available£49.99	
(1 new offer)";https://m.media-amazon.com/images/I/71O9rBcqnXL._AC_UL320_.jpg;https://www.amazon.co.uk/Foldable-Adjustable-Quadcopter-Beginners-Batteries/dp/B0CJC713CB/ref=sr_1_31?dib=eyJ2IjoiMSJ9.xl3OVW2q0urN9Y88tuScsSZPRz2xaTK7DP_-6IbFy3W1pI2nji72LQZDVV28mnE6SfFQI-0-4rJY88Hgxq_5oMBKI7jMnRENkfL2d8EnO2RyB9lf8LvLEsx9PP0qHq79kGCYtQ8zASwOyjF7ksaG6QAYy8TyiykjgLmQnBM14mxN2O7cR38lr2mF0-JZ9WAKsEjSGQTVxFPOR8fkBW4snighx_P6AJvYvnmtFJYb_kryMmlQSg2jA7BwdBRbBvmr2V4wiAILASz2NvwumEY01BbAsVTZ-o6bzqBkybh1qFs.s19HMf7XGY29RaD9rHxLpEn_YjnreLfSRmyB8pcKFQw&dib_tag=se&keywords=camera+fpv&qid=1713351641&sr=8-31
Amazon;RadioLink 25mW, 40ch FPV Camera and VTx Combo (for F110S Quadcopter);No featured offers available£38.91(2 new offers);https://m.media-amazon.com/images/I/41p4N2yCexL._AC_UL320_.jpg;https://www.amazon.co.uk/RadioLink-Camera-Combo-F110S-Quadcopter/dp/B07TMZZF44/ref=sr_1_32?dib=eyJ2IjoiMSJ9.xl3OVW2q0urN9Y88tuScsSZPRz2xaTK7DP_-6IbFy3W1pI2nji72LQZDVV28mnE6SfFQI-0-4rJY88Hgxq_5oMBKI7jMnRENkfL2d8EnO2RyB9lf8LvLEsx9PP0qHq79kGCYtQ8zASwOyjF7ksaG6QAYy8TyiykjgLmQnBM14mxN2O7cR38lr2mF0-JZ9WAKsEjSGQTVxFPOR8fkBW4snighx_P6AJvYvnmtFJYb_kryMmlQSg2jA7BwdBRbBvmr2V4wiAILASz2NvwumEY01BbAsVTZ-o6bzqBkybh1qFs.s19HMf7XGY29RaD9rHxLpEn_YjnreLfSRmyB8pcKFQw&dib_tag=se&keywords=camera+fpv&qid=1713351641&sr=8-32
Amazon;5.8Ghz Omnidirectional High Gain Antenna for mini FPV Drone Camera VTX;"No featured offers available£9.99	
(1 new offer)";https://m.media-amazon.com/images/I/41hl4Voy2BL._AC_UL320_.jpg;https://www.amazon.co.uk/5-8Ghz-Omnidirectional-Antenna-Drone-Camera/dp/B06Y2JFQB8/ref=sr_1_33?dib=eyJ2IjoiMSJ9.xl3OVW2q0urN9Y88tuScsSZPRz2xaTK7DP_-6IbFy3W1pI2nji72LQZDVV28mnE6SfFQI-0-4rJY88Hgxq_5oMBKI7jMnRENkfL2d8EnO2RyB9lf8LvLEsx9PP0qHq79kGCYtQ8zASwOyjF7ksaG6QAYy8TyiykjgLmQnBM14mxN2O7cR38lr2mF0-JZ9WAKsEjSGQTVxFPOR8fkBW4snighx_P6AJvYvnmtFJYb_kryMmlQSg2jA7BwdBRbBvmr2V4wiAILASz2NvwumEY01BbAsVTZ-o6bzqBkybh1qFs.s19HMf7XGY29RaD9rHxLpEn_YjnreLfSRmyB8pcKFQw&dib_tag=se&keywords=camera+fpv&qid=1713351641&sr=8-33
Amazon;EMAX FPV Drone Tinyhawk 3 RTF Kit, First Person View Drone with Runcam Nano 4 Camera, 25-100-200 VTX Switchable, Mini Drone with Goggles and E8 Transmitter for Kids Adults and Beginners;"No featured offers available£186.03	
(1 new offer)";https://m.media-amazon.com/images/I/51bpsHO1g5L._AC_UL320_.jpg;https://www.amazon.co.uk/Tinyhawk-25-100-200-Switchable-Transmitter-Beginners/dp/B0BL3HVKYF/ref=sr_1_34?dib=eyJ2IjoiMSJ9.xl3OVW2q0urN9Y88tuScsSZPRz2xaTK7DP_-6IbFy3W1pI2nji72LQZDVV28mnE6SfFQI-0-4rJY88Hgxq_5oMBKI7jMnRENkfL2d8EnO2RyB9lf8LvLEsx9PP0qHq79kGCYtQ8zASwOyjF7ksaG6QAYy8TyiykjgLmQnBM14mxN2O7cR38lr2mF0-JZ9WAKsEjSGQTVxFPOR8fkBW4snighx_P6AJvYvnmtFJYb_kryMmlQSg2jA7BwdBRbBvmr2V4wiAILASz2NvwumEY01BbAsVTZ-o6bzqBkybh1qFs.s19HMf7XGY29RaD9rHxLpEn_YjnreLfSRmyB8pcKFQw&dib_tag=se&keywords=camera+fpv&qid=1713351641&sr=8-34
Amazon;BETAFPV Meteor65 Pro 1S Micro FPV Whoop Drone Quadcopter for FPV Racing Flight Indoor Outdoor with F4 1S 5A Flight Controller 0802SE 19500KV Motor 35 mm 3-Blade Propellers C03 Camera - Frsky;"No featured offers available£127.99	
(1 new offer)";https://m.media-amazon.com/images/I/61pBmxJ8B7L._AC_UL320_.jpg;https://www.amazon.co.uk/BETAFPV-Meteor65-Quadcopter-Controller-Propellers/dp/B0BMVDLWBJ/ref=sr_1_35?dib=eyJ2IjoiMSJ9.xl3OVW2q0urN9Y88tuScsSZPRz2xaTK7DP_-6IbFy3W1pI2nji72LQZDVV28mnE6SfFQI-0-4rJY88Hgxq_5oMBKI7jMnRENkfL2d8EnO2RyB9lf8LvLEsx9PP0qHq79kGCYtQ8zASwOyjF7ksaG6QAYy8TyiykjgLmQnBM14mxN2O7cR38lr2mF0-JZ9WAKsEjSGQTVxFPOR8fkBW4snighx_P6AJvYvnmtFJYb_kryMmlQSg2jA7BwdBRbBvmr2V4wiAILASz2NvwumEY01BbAsVTZ-o6bzqBkybh1qFs.s19HMf7XGY29RaD9rHxLpEn_YjnreLfSRmyB8pcKFQw&dib_tag=se&keywords=camera+fpv&qid=1713351641&sr=8-35
Amazon;FPV Combo Drone Protective Bar, Protective Strip Holder, Gimbal Camera Protection for DJI FPV Drone Accessories;"No featured offers available£16.67	
(1 new offer)";https://m.media-amazon.com/images/I/61dJ83gN9QL._AC_UL320_.jpg;https://www.amazon.co.uk/ZJRXM-FPV-Combo-Drone-Accessories/dp/B09TNFM1MX/ref=sr_1_37?dib=eyJ2IjoiMSJ9.xl3OVW2q0urN9Y88tuScsSZPRz2xaTK7DP_-6IbFy3W1pI2nji72LQZDVV28mnE6SfFQI-0-4rJY88Hgxq_5oMBKI7jMnRENkfL2d8EnO2RyB9lf8LvLEsx9PP0qHq79kGCYtQ8zASwOyjF7ksaG6QAYy8TyiykjgLmQnBM14mxN2O7cR38lr2mF0-JZ9WAKsEjSGQTVxFPOR8fkBW4snighx_P6AJvYvnmtFJYb_kryMmlQSg2jA7BwdBRbBvmr2V4wiAILASz2NvwumEY01BbAsVTZ-o6bzqBkybh1qFs.s19HMf7XGY29RaD9rHxLpEn_YjnreLfSRmyB8pcKFQw&dib_tag=se&keywords=camera+fpv&qid=1713351641&sr=8-37
Amazon;Drone with Camera 4K HD FPV, Drone for Beginners Kids & Adults, Raptor 8k Drone, Mini RC Foldable Quadcopter, Airon Drone Panoramic Mode 120º, Slow Motion Mode, 360º Rotation, Small;"No featured offers available£34.99	
(1 new offer)";https://m.media-amazon.com/images/I/51wQnklOE2L._AC_UL320_.jpg;https://www.amazon.co.uk/Drone-Airon-Beginners-Quadcopter-Panoramic/dp/B0CB8TDRMB/ref=sr_1_40?dib=eyJ2IjoiMSJ9.xl3OVW2q0urN9Y88tuScsSZPRz2xaTK7DP_-6IbFy3W1pI2nji72LQZDVV28mnE6SfFQI-0-4rJY88Hgxq_5oMBKI7jMnRENkfL2d8EnO2RyB9lf8LvLEsx9PP0qHq79kGCYtQ8zASwOyjF7ksaG6QAYy8TyiykjgLmQnBM14mxN2O7cR38lr2mF0-JZ9WAKsEjSGQTVxFPOR8fkBW4snighx_P6AJvYvnmtFJYb_kryMmlQSg2jA7BwdBRbBvmr2V4wiAILASz2NvwumEY01BbAsVTZ-o6bzqBkybh1qFs.s19HMf7XGY29RaD9rHxLpEn_YjnreLfSRmyB8pcKFQw&dib_tag=se&keywords=camera+fpv&qid=1713351641&sr=8-40
Amazon;Loolinn | Drone with Optical Flow Positioning Technology - 60 Minutes Long Flight Time/Very Stable Flight/FPV HD Videos & Photos - Drone with Camera designed for Kids;"No featured offers available£109.99	
(1 new offer)";https://m.media-amazon.com/images/I/61BIveLDPaL._AC_UL320_.jpg;https://www.amazon.co.uk/Loolinn-Drone-Optical-Positioning-Technology/dp/B094R56RQH/ref=sr_1_41?dib=eyJ2IjoiMSJ9.xl3OVW2q0urN9Y88tuScsSZPRz2xaTK7DP_-6IbFy3W1pI2nji72LQZDVV28mnE6SfFQI-0-4rJY88Hgxq_5oMBKI7jMnRENkfL2d8EnO2RyB9lf8LvLEsx9PP0qHq79kGCYtQ8zASwOyjF7ksaG6QAYy8TyiykjgLmQnBM14mxN2O7cR38lr2mF0-JZ9WAKsEjSGQTVxFPOR8fkBW4snighx_P6AJvYvnmtFJYb_kryMmlQSg2jA7BwdBRbBvmr2V4wiAILASz2NvwumEY01BbAsVTZ-o6bzqBkybh1qFs.s19HMf7XGY29RaD9rHxLpEn_YjnreLfSRmyB8pcKFQw&dib_tag=se&keywords=camera+fpv&qid=1713351641&sr=8-41
Amazon;ZJRXM Avata FPV Drone Gimbal Protection Camera Protection Lens Hood Camera Protector Lens Cover for DJI Avata Drone Accessories;"No featured offers available£11.02	
(1 new offer)";https://m.media-amazon.com/images/I/51I8y3EHtiL._AC_UL320_.jpg;https://www.amazon.co.uk/ZJRXM-Avata-FPV-Drone-Accessories/dp/B0BJJXTYCC/ref=sr_1_42?dib=eyJ2IjoiMSJ9.xl3OVW2q0urN9Y88tuScsSZPRz2xaTK7DP_-6IbFy3W1pI2nji72LQZDVV28mnE6SfFQI-0-4rJY88Hgxq_5oMBKI7jMnRENkfL2d8EnO2RyB9lf8LvLEsx9PP0qHq79kGCYtQ8zASwOyjF7ksaG6QAYy8TyiykjgLmQnBM14mxN2O7cR38lr2mF0-JZ9WAKsEjSGQTVxFPOR8fkBW4snighx_P6AJvYvnmtFJYb_kryMmlQSg2jA7BwdBRbBvmr2V4wiAILASz2NvwumEY01BbAsVTZ-o6bzqBkybh1qFs.s19HMf7XGY29RaD9rHxLpEn_YjnreLfSRmyB8pcKFQw&dib_tag=se&keywords=camera+fpv&qid=1713351641&sr=8-42
Amazon;BTG DJI FPV Drone Action Camera Mount Holder for DJI Action 2 /OSMO Action/Pocket 1,2 /GoPro Series/Fimi Palm 1, 2 / Insta360 ONE X2/ONE R/Night Light/Fill Light Sport Camera Mount;Only 10 left in stock.;https://m.media-amazon.com/images/I/518CkyGJpaL._AC_UL320_.jpg;https://www.amazon.co.uk/BTG-DJI-FPV-Drone-Insta360/dp/B0BYJX1RGF/ref=sr_1_44?dib=eyJ2IjoiMSJ9.xl3OVW2q0urN9Y88tuScsSZPRz2xaTK7DP_-6IbFy3W1pI2nji72LQZDVV28mnE6SfFQI-0-4rJY88Hgxq_5oMBKI7jMnRENkfL2d8EnO2RyB9lf8LvLEsx9PP0qHq79kGCYtQ8zASwOyjF7ksaG6QAYy8TyiykjgLmQnBM14mxN2O7cR38lr2mF0-JZ9WAKsEjSGQTVxFPOR8fkBW4snighx_P6AJvYvnmtFJYb_kryMmlQSg2jA7BwdBRbBvmr2V4wiAILASz2NvwumEY01BbAsVTZ-o6bzqBkybh1qFs.s19HMf7XGY29RaD9rHxLpEn_YjnreLfSRmyB8pcKFQw&dib_tag=se&keywords=camera+fpv&qid=1713351641&sr=8-44
Amazon;Taoke FPV Gimbal Camera Lens Cover Compatible with FPV Combo, Protective Dust Proof Lens Cap for FPV (Lens Hood);"No featured offers available£13.99	
(1 new offer)";https://m.media-amazon.com/images/I/51O6eeyErTL._AC_UL320_.jpg;https://www.amazon.co.uk/Taoke-Gimbal-Camera-Compatible-Protective/dp/B091YXBPRQ/ref=sr_1_45?dib=eyJ2IjoiMSJ9.xl3OVW2q0urN9Y88tuScsSZPRz2xaTK7DP_-6IbFy3W1pI2nji72LQZDVV28mnE6SfFQI-0-4rJY88Hgxq_5oMBKI7jMnRENkfL2d8EnO2RyB9lf8LvLEsx9PP0qHq79kGCYtQ8zASwOyjF7ksaG6QAYy8TyiykjgLmQnBM14mxN2O7cR38lr2mF0-JZ9WAKsEjSGQTVxFPOR8fkBW4snighx_P6AJvYvnmtFJYb_kryMmlQSg2jA7BwdBRbBvmr2V4wiAILASz2NvwumEY01BbAsVTZ-o6bzqBkybh1qFs.s19HMf7XGY29RaD9rHxLpEn_YjnreLfSRmyB8pcKFQw&dib_tag=se&keywords=camera+fpv&qid=1713351641&sr=8-45
Amazon;ZIJUNYUAN CADDX 2g ANT 1200TVL Global WDR OSD 1.8mm Ultralight FPV Nano Camera 16:9 4:3 for RC FPV Tinywhoop Cinewhoop Toothpick Mobula6 (16:9, Silver);"No featured offers available£23.71	
(1 new offer)";https://m.media-amazon.com/images/I/41MYOOqOFXL._AC_UL320_.jpg;https://www.amazon.co.uk/ZIJUNYUAN-1200TVL-Global-Ultralight-Camera/dp/B0C5J2JVGY/ref=sr_1_48?dib=eyJ2IjoiMSJ9.xl3OVW2q0urN9Y88tuScsSZPRz2xaTK7DP_-6IbFy3W1pI2nji72LQZDVV28mnE6SfFQI-0-4rJY88Hgxq_5oMBKI7jMnRENkfL2d8EnO2RyB9lf8LvLEsx9PP0qHq79kGCYtQ8zASwOyjF7ksaG6QAYy8TyiykjgLmQnBM14mxN2O7cR38lr2mF0-JZ9WAKsEjSGQTVxFPOR8fkBW4snighx_P6AJvYvnmtFJYb_kryMmlQSg2jA7BwdBRbBvmr2V4wiAILASz2NvwumEY01BbAsVTZ-o6bzqBkybh1qFs.s19HMf7XGY29RaD9rHxLpEn_YjnreLfSRmyB8pcKFQw&dib_tag=se&keywords=camera+fpv&qid=1713351641&sr=8-48
Amazon;Uxcell 2.1mm 5MP F2.0 FPV Camera Lens Wide Angle for CCD Camera;Only 7 left in stock.;https://m.media-amazon.com/images/I/51Sg227NQOL._AC_UL320_.jpg;https://www.amazon.co.uk/uxcell-2-1mm-F2-0-Camera-Angle/dp/B07JZG4D48/ref=sr_1_49?dib=eyJ2IjoiMSJ9.xl3OVW2q0urN9Y88tuScsSZPRz2xaTK7DP_-6IbFy3W1pI2nji72LQZDVV28mnE6SfFQI-0-4rJY88Hgxq_5oMBKI7jMnRENkfL2d8EnO2RyB9lf8LvLEsx9PP0qHq79kGCYtQ8zASwOyjF7ksaG6QAYy8TyiykjgLmQnBM14mxN2O7cR38lr2mF0-JZ9WAKsEjSGQTVxFPOR8fkBW4snighx_P6AJvYvnmtFJYb_kryMmlQSg2jA7BwdBRbBvmr2V4wiAILASz2NvwumEY01BbAsVTZ-o6bzqBkybh1qFs.s19HMf7XGY29RaD9rHxLpEn_YjnreLfSRmyB8pcKFQw&dib_tag=se&keywords=camera+fpv&qid=1713351641&sr=8-49
Amazon;FPV Gimbal Camera Replacement 4K/60fps for DJI FPV Gimbal Cameras Genuine Repair Parts by Runchicken;Only 4 left in stock.;https://m.media-amazon.com/images/I/61BVOdOtPnL._AC_UL320_.jpg;https://www.amazon.co.uk/Gimbal-Replacement-Cameras-Genuine-Runchicken/dp/B0917F79TK/ref=sr_1_50?dib=eyJ2IjoiMSJ9.xl3OVW2q0urN9Y88tuScsSZPRz2xaTK7DP_-6IbFy3W1pI2nji72LQZDVV28mnE6SfFQI-0-4rJY88Hgxq_5oMBKI7jMnRENkfL2d8EnO2RyB9lf8LvLEsx9PP0qHq79kGCYtQ8zASwOyjF7ksaG6QAYy8TyiykjgLmQnBM14mxN2O7cR38lr2mF0-JZ9WAKsEjSGQTVxFPOR8fkBW4snighx_P6AJvYvnmtFJYb_kryMmlQSg2jA7BwdBRbBvmr2V4wiAILASz2NvwumEY01BbAsVTZ-o6bzqBkybh1qFs.s19HMf7XGY29RaD9rHxLpEn_YjnreLfSRmyB8pcKFQw&dib_tag=se&keywords=camera+fpv&qid=1713351641&sr=8-50
Shop;Name;Price;Image URL;Product URL
Amazon;Foldable Drones with 4K HD Camera for Adults,Easy Quadcopter for Beginner with 20mins Flight Time,WiFi FPV Real Time,Headless Mode Orange (orange);No featured offers available£738.90(2 new offers);https://m.media-amazon.com/images/I/51chQfG40OS._AC_UL320_.jpg;https://www.amazon.co.uk/Foldable-Drones-Quadcopter-Beginner-Headless/dp/B0C2T9TTYH/ref=sr_1_53?dib=eyJ2IjoiMSJ9.CvRo9LnfZPABLPUv-bdj2D1H8P1g8Ha-SwaMrrSSTIElxyV6rpWA77f_FIgB1JGflgUQoqRVUJ0Sol9AiGM5e5YO1FBAffV8POGeWMN40Gip1NsaoWBcXaqyuYdTqHvYBNK7c6D9gVr8Xo5W1NOw8Z6tyvhRSlSpF_r88G3s1dkXSPoEs8UkZw3ux7jEu94HocQlZjjtH_sLYcrJT0NdhXvf5Pfsq2QczHyd6a4MUKABLFR0h4iVtQ1T575X2foi9rOrzIdrKUruiG5tZd1fj3FVDDCpUgtBWLsvg1vAPjc.RIRNePC-lh05ftX23ILQ9VmBfJuWI_Yhq-R35MIrGlI&dib_tag=se&keywords=camera+fpv&qid=1713351643&sr=8-53
Amazon;Freewell UV Camera Lens Filter Compatible with DJI FPV Drone;Only 7 left in stock.;https://m.media-amazon.com/images/I/51hdLac28nL._AC_UL320_.jpg;https://www.amazon.co.uk/Freewell-Camera-Filter-Compatible-Drone/dp/B08Y5R6TW4/ref=sr_1_54?dib=eyJ2IjoiMSJ9.CvRo9LnfZPABLPUv-bdj2D1H8P1g8Ha-SwaMrrSSTIElxyV6rpWA77f_FIgB1JGflgUQoqRVUJ0Sol9AiGM5e5YO1FBAffV8POGeWMN40Gip1NsaoWBcXaqyuYdTqHvYBNK7c6D9gVr8Xo5W1NOw8Z6tyvhRSlSpF_r88G3s1dkXSPoEs8UkZw3ux7jEu94HocQlZjjtH_sLYcrJT0NdhXvf5Pfsq2QczHyd6a4MUKABLFR0h4iVtQ1T575X2foi9rOrzIdrKUruiG5tZd1fj3FVDDCpUgtBWLsvg1vAPjc.RIRNePC-lh05ftX23ILQ9VmBfJuWI_Yhq-R35MIrGlI&dib_tag=se&keywords=camera+fpv&qid=1713351643&sr=8-54
Amazon;FPV Micro Camera Kit 800TVL 170-Degree Angle of View 3.6g Ultralight for RC Car 5.8G Small Four Axis;Only 5 left in stock.;https://m.media-amazon.com/images/I/51GHf9MU6mL._AC_UL320_.jpg;https://www.amazon.co.uk/Micro-Camera-800TVL-170-Degree-Ultralight/dp/B0CDC77T6R/ref=sr_1_55?dib=eyJ2IjoiMSJ9.CvRo9LnfZPABLPUv-bdj2D1H8P1g8Ha-SwaMrrSSTIElxyV6rpWA77f_FIgB1JGflgUQoqRVUJ0Sol9AiGM5e5YO1FBAffV8POGeWMN40Gip1NsaoWBcXaqyuYdTqHvYBNK7c6D9gVr8Xo5W1NOw8Z6tyvhRSlSpF_r88G3s1dkXSPoEs8UkZw3ux7jEu94HocQlZjjtH_sLYcrJT0NdhXvf5Pfsq2QczHyd6a4MUKABLFR0h4iVtQ1T575X2foi9rOrzIdrKUruiG5tZd1fj3FVDDCpUgtBWLsvg1vAPjc.RIRNePC-lh05ftX23ILQ9VmBfJuWI_Yhq-R35MIrGlI&dib_tag=se&keywords=camera+fpv&qid=1713351643&sr=8-55
Amazon;BETAFPV Meteor75 Pro 1S Brushless Whoop Drone Quadcopter with 45mm 3-Blade Propellers for FPV Freestyle Racing Indoor Outdoor, Fly Time Up to 6min with BT2.0 550mAh 1S Lipo Battery-SPI Frsky;"No featured offers available£127.99	
(1 new offer)";https://m.media-amazon.com/images/I/613EfBbNylL._AC_UL320_.jpg;https://www.amazon.co.uk/BETAFPV-01010026_2-BETAFPV-Meteor75-Pro-1S-Brushless-Whoop-Drone-Quadcopter-with-45mm-3-Blade-Propellers-for-FPV-Freestyle-Racing-Indoor-Outdoor-Fly-Time-Up-to-6min-with-BT2-0-550mAh-1S-Lipo-Battery-SPI-Frsky/dp/B0BZVTM236/ref=sr_1_57?dib=eyJ2IjoiMSJ9.CvRo9LnfZPABLPUv-bdj2D1H8P1g8Ha-SwaMrrSSTIElxyV6rpWA77f_FIgB1JGflgUQoqRVUJ0Sol9AiGM5e5YO1FBAffV8POGeWMN40Gip1NsaoWBcXaqyuYdTqHvYBNK7c6D9gVr8Xo5W1NOw8Z6tyvhRSlSpF_r88G3s1dkXSPoEs8UkZw3ux7jEu94HocQlZjjtH_sLYcrJT0NdhXvf5Pfsq2QczHyd6a4MUKABLFR0h4iVtQ1T575X2foi9rOrzIdrKUruiG5tZd1fj3FVDDCpUgtBWLsvg1vAPjc.RIRNePC-lh05ftX23ILQ9VmBfJuWI_Yhq-R35MIrGlI&dib_tag=se&keywords=camera+fpv&qid=1713351643&sr=8-57
Amazon;Drone with 720P HD Camera, Dual Camera Drone, Mini Folding RC Quadricopter Drone, RC FPV Drones with WiFi Camera for Adults and Beginners and Children, 3D Flip, 2 Batteries;"No featured offers available£34.99	
(1 new offer)";https://m.media-amazon.com/images/I/61wJeSpVzuL._AC_UL320_.jpg;https://www.amazon.co.uk/Folding-Quadricopter-Beginners-Children-Batteries/dp/B0C5BFYF1Q/ref=sr_1_58?dib=eyJ2IjoiMSJ9.CvRo9LnfZPABLPUv-bdj2D1H8P1g8Ha-SwaMrrSSTIElxyV6rpWA77f_FIgB1JGflgUQoqRVUJ0Sol9AiGM5e5YO1FBAffV8POGeWMN40Gip1NsaoWBcXaqyuYdTqHvYBNK7c6D9gVr8Xo5W1NOw8Z6tyvhRSlSpF_r88G3s1dkXSPoEs8UkZw3ux7jEu94HocQlZjjtH_sLYcrJT0NdhXvf5Pfsq2QczHyd6a4MUKABLFR0h4iVtQ1T575X2foi9rOrzIdrKUruiG5tZd1fj3FVDDCpUgtBWLsvg1vAPjc.RIRNePC-lh05ftX23ILQ9VmBfJuWI_Yhq-R35MIrGlI&dib_tag=se&keywords=camera+fpv&qid=1713351643&sr=8-58
Amazon;Veho Muvi HD10X Micro Camcorder | HD | Handsfree | Body Worn | Action Camera | 8GB microSD Card | 1080p30 - Black (VCC-003-MUVI-1080);No featured offers available£19.99(4 used & new offers);https://m.media-amazon.com/images/I/51iGLmEzVSL._AC_UL320_.jpg;https://www.amazon.co.uk/Veho-Camcorder-Handsfree-Surveillance-Security/dp/B07C64H6MN/ref=sr_1_59?dib=eyJ2IjoiMSJ9.CvRo9LnfZPABLPUv-bdj2D1H8P1g8Ha-SwaMrrSSTIElxyV6rpWA77f_FIgB1JGflgUQoqRVUJ0Sol9AiGM5e5YO1FBAffV8POGeWMN40Gip1NsaoWBcXaqyuYdTqHvYBNK7c6D9gVr8Xo5W1NOw8Z6tyvhRSlSpF_r88G3s1dkXSPoEs8UkZw3ux7jEu94HocQlZjjtH_sLYcrJT0NdhXvf5Pfsq2QczHyd6a4MUKABLFR0h4iVtQ1T575X2foi9rOrzIdrKUruiG5tZd1fj3FVDDCpUgtBWLsvg1vAPjc.RIRNePC-lh05ftX23ILQ9VmBfJuWI_Yhq-R35MIrGlI&dib_tag=se&keywords=camera+fpv&qid=1713351643&sr=8-59
Amazon;sourcing map 3.6mm CCTV Camera Lens 720p F2.0 FPV Wide Angle Security Camera Lens M12 Threaded Dia for IP Camera Panoramic, Black;No featured offers available£5.49(2 new offers);https://m.media-amazon.com/images/I/51cqRuxTYfL._AC_UL320_.jpg;https://www.amazon.co.uk/sourcing-map-Security-Threaded-Panoramic/dp/B0CWRXXCJ9/ref=sr_1_60?dib=eyJ2IjoiMSJ9.CvRo9LnfZPABLPUv-bdj2D1H8P1g8Ha-SwaMrrSSTIElxyV6rpWA77f_FIgB1JGflgUQoqRVUJ0Sol9AiGM5e5YO1FBAffV8POGeWMN40Gip1NsaoWBcXaqyuYdTqHvYBNK7c6D9gVr8Xo5W1NOw8Z6tyvhRSlSpF_r88G3s1dkXSPoEs8UkZw3ux7jEu94HocQlZjjtH_sLYcrJT0NdhXvf5Pfsq2QczHyd6a4MUKABLFR0h4iVtQ1T575X2foi9rOrzIdrKUruiG5tZd1fj3FVDDCpUgtBWLsvg1vAPjc.RIRNePC-lh05ftX23ILQ9VmBfJuWI_Yhq-R35MIrGlI&dib_tag=se&keywords=camera+fpv&qid=1713351643&sr=8-60
Amazon;KUUS. C1 Spy Camera 0,9 Inch | Indoor Cameras With Audio and Video | Hidden Camera With 32GB Memory Card | Mini Spy Cam Without WLAN Secret Home Surveillance Indoor | Motion Detection | Night Vision;"No featured offers available£29.99	
(1 new offer)";https://m.media-amazon.com/images/I/613oRSC8hoL._AC_UL320_.jpg;https://www.amazon.co.uk/KUUS%C2%AE-Camera-Indoor-Surveillance-without/dp/B094YDFCM3/ref=sr_1_62?dib=eyJ2IjoiMSJ9.CvRo9LnfZPABLPUv-bdj2D1H8P1g8Ha-SwaMrrSSTIElxyV6rpWA77f_FIgB1JGflgUQoqRVUJ0Sol9AiGM5e5YO1FBAffV8POGeWMN40Gip1NsaoWBcXaqyuYdTqHvYBNK7c6D9gVr8Xo5W1NOw8Z6tyvhRSlSpF_r88G3s1dkXSPoEs8UkZw3ux7jEu94HocQlZjjtH_sLYcrJT0NdhXvf5Pfsq2QczHyd6a4MUKABLFR0h4iVtQ1T575X2foi9rOrzIdrKUruiG5tZd1fj3FVDDCpUgtBWLsvg1vAPjc.RIRNePC-lh05ftX23ILQ9VmBfJuWI_Yhq-R35MIrGlI&dib_tag=se&keywords=camera+fpv&qid=1713351643&sr=8-62
Amazon;BETAFPV Cetus X 95mm Brushless Whoop Drone Frame with Adjustable Tilt Degree Canopy PA12 Material Impact Durable for Cetus X Brushless Drone F4 1S 12A Flight Controller 1103 Motor C04 Camera-White;"No featured offers available£12.99	
(1 new offer)";https://m.media-amazon.com/images/I/41aGRG+u1TL._AC_UL320_.jpg;https://www.amazon.co.uk/BETAFPV-Brushless-Adjustable-Controller-Camera-White/dp/B0BKLFJB7S/ref=sr_1_63?dib=eyJ2IjoiMSJ9.CvRo9LnfZPABLPUv-bdj2D1H8P1g8Ha-SwaMrrSSTIElxyV6rpWA77f_FIgB1JGflgUQoqRVUJ0Sol9AiGM5e5YO1FBAffV8POGeWMN40Gip1NsaoWBcXaqyuYdTqHvYBNK7c6D9gVr8Xo5W1NOw8Z6tyvhRSlSpF_r88G3s1dkXSPoEs8UkZw3ux7jEu94HocQlZjjtH_sLYcrJT0NdhXvf5Pfsq2QczHyd6a4MUKABLFR0h4iVtQ1T575X2foi9rOrzIdrKUruiG5tZd1fj3FVDDCpUgtBWLsvg1vAPjc.RIRNePC-lh05ftX23ILQ9VmBfJuWI_Yhq-R35MIrGlI&dib_tag=se&keywords=camera+fpv&qid=1713351643&sr=8-63
Amazon;Mipan Foldable Drone with 1080P HD Camera FPV WiFi RC Quadcopter, Voice Control, Gesture Control, Trajectory Flight, G-Sensor, Drone for Adults Kids;"No featured offers available£107.99	
(1 new offer)";https://m.media-amazon.com/images/I/515Nv7V4gFS._AC_UL320_.jpg;https://www.amazon.co.uk/Foldable-Quadcopter-Control-Trajectory-G-Sensor/dp/B0D17BRVKC/ref=sr_1_65?dib=eyJ2IjoiMSJ9.CvRo9LnfZPABLPUv-bdj2D1H8P1g8Ha-SwaMrrSSTIElxyV6rpWA77f_FIgB1JGflgUQoqRVUJ0Sol9AiGM5e5YO1FBAffV8POGeWMN40Gip1NsaoWBcXaqyuYdTqHvYBNK7c6D9gVr8Xo5W1NOw8Z6tyvhRSlSpF_r88G3s1dkXSPoEs8UkZw3ux7jEu94HocQlZjjtH_sLYcrJT0NdhXvf5Pfsq2QczHyd6a4MUKABLFR0h4iVtQ1T575X2foi9rOrzIdrKUruiG5tZd1fj3FVDDCpUgtBWLsvg1vAPjc.RIRNePC-lh05ftX23ILQ9VmBfJuWI_Yhq-R35MIrGlI&dib_tag=se&keywords=camera+fpv&qid=1713351643&sr=8-65
Amazon;Fzysjve 1080p HD Fpv Camera Drone, Drone with 4k Dual Camera for Adults, Mini Drone with Camera, Foldable Aerial Photography Drone Toys Gifts For Boys Girls (Color : Orange, Size : 1 battery);"No featured offers available£30.88	
(1 new offer)";https://m.media-amazon.com/images/I/613266IIY9L._AC_UL320_.jpg;https://www.amazon.co.uk/Fzysjve-Camera-Adults-Foldable-Photography/dp/B0CYT6PFQJ/ref=sr_1_66?dib=eyJ2IjoiMSJ9.CvRo9LnfZPABLPUv-bdj2D1H8P1g8Ha-SwaMrrSSTIElxyV6rpWA77f_FIgB1JGflgUQoqRVUJ0Sol9AiGM5e5YO1FBAffV8POGeWMN40Gip1NsaoWBcXaqyuYdTqHvYBNK7c6D9gVr8Xo5W1NOw8Z6tyvhRSlSpF_r88G3s1dkXSPoEs8UkZw3ux7jEu94HocQlZjjtH_sLYcrJT0NdhXvf5Pfsq2QczHyd6a4MUKABLFR0h4iVtQ1T575X2foi9rOrzIdrKUruiG5tZd1fj3FVDDCpUgtBWLsvg1vAPjc.RIRNePC-lh05ftX23ILQ9VmBfJuWI_Yhq-R35MIrGlI&dib_tag=se&keywords=camera+fpv&qid=1713351643&sr=8-66
Amazon;Eujgoov HD 1080P Night Vision FPV Action Camera Thumb Sports Camera for Racing Shooting DC 5V;"No featured offers available£20.75	
(1 new offer)";https://m.media-amazon.com/images/I/71erffAuWBL._AC_UL320_.jpg;https://www.amazon.co.uk/Eujgoov-Vision-Action-Camera-Shooting/dp/B0CFXFXXR3/ref=sr_1_67?dib=eyJ2IjoiMSJ9.CvRo9LnfZPABLPUv-bdj2D1H8P1g8Ha-SwaMrrSSTIElxyV6rpWA77f_FIgB1JGflgUQoqRVUJ0Sol9AiGM5e5YO1FBAffV8POGeWMN40Gip1NsaoWBcXaqyuYdTqHvYBNK7c6D9gVr8Xo5W1NOw8Z6tyvhRSlSpF_r88G3s1dkXSPoEs8UkZw3ux7jEu94HocQlZjjtH_sLYcrJT0NdhXvf5Pfsq2QczHyd6a4MUKABLFR0h4iVtQ1T575X2foi9rOrzIdrKUruiG5tZd1fj3FVDDCpUgtBWLsvg1vAPjc.RIRNePC-lh05ftX23ILQ9VmBfJuWI_Yhq-R35MIrGlI&dib_tag=se&keywords=camera+fpv&qid=1713351643&sr=8-67
Amazon;MiDRONE Sky 180 WiFi FPV Mini Quadcopter Drone with Camera & RC Remote + iOS/Android Phone Control;No featured offers available£21.26(2 new offers);https://m.media-amazon.com/images/I/419l25mCjSS._AC_UL320_.jpg;https://www.amazon.co.uk/MiDRONE-Quadcopter-Drone-Smartphone-Android/dp/B0977CMMXV/ref=sr_1_69?dib=eyJ2IjoiMSJ9.CvRo9LnfZPABLPUv-bdj2D1H8P1g8Ha-SwaMrrSSTIElxyV6rpWA77f_FIgB1JGflgUQoqRVUJ0Sol9AiGM5e5YO1FBAffV8POGeWMN40Gip1NsaoWBcXaqyuYdTqHvYBNK7c6D9gVr8Xo5W1NOw8Z6tyvhRSlSpF_r88G3s1dkXSPoEs8UkZw3ux7jEu94HocQlZjjtH_sLYcrJT0NdhXvf5Pfsq2QczHyd6a4MUKABLFR0h4iVtQ1T575X2foi9rOrzIdrKUruiG5tZd1fj3FVDDCpUgtBWLsvg1vAPjc.RIRNePC-lh05ftX23ILQ9VmBfJuWI_Yhq-R35MIrGlI&dib_tag=se&keywords=camera+fpv&qid=1713351643&sr=8-69
Amazon;Taoke Gimbal Camera Lens Frame with Pitch Motor Compatible with The DJI FPV Combo;Only 5 left in stock.;https://m.media-amazon.com/images/I/51ftMgGs-4L._AC_UL320_.jpg;https://www.amazon.co.uk/Taoke-Lens-Frame-Pitch-Compatible/dp/B0CKTBFFCH/ref=sr_1_70?dib=eyJ2IjoiMSJ9.CvRo9LnfZPABLPUv-bdj2D1H8P1g8Ha-SwaMrrSSTIElxyV6rpWA77f_FIgB1JGflgUQoqRVUJ0Sol9AiGM5e5YO1FBAffV8POGeWMN40Gip1NsaoWBcXaqyuYdTqHvYBNK7c6D9gVr8Xo5W1NOw8Z6tyvhRSlSpF_r88G3s1dkXSPoEs8UkZw3ux7jEu94HocQlZjjtH_sLYcrJT0NdhXvf5Pfsq2QczHyd6a4MUKABLFR0h4iVtQ1T575X2foi9rOrzIdrKUruiG5tZd1fj3FVDDCpUgtBWLsvg1vAPjc.RIRNePC-lh05ftX23ILQ9VmBfJuWI_Yhq-R35MIrGlI&dib_tag=se&keywords=camera+fpv&qid=1713351643&sr=8-70
Amazon;Mini Drone With Camera 1080P FPV Foldable Drone Remote Control Toys Gifts For Boys Girls With Mode 1 Key Start Floating Ball (Black, One Size);"No featured offers available£27.69	
(1 new offer)";https://m.media-amazon.com/images/I/51euuY-rlIL._AC_UL320_.jpg;https://www.amazon.co.uk/Camera-Foldable-Remote-Control-Floating/dp/B0CG3278QB/ref=sr_1_73?dib=eyJ2IjoiMSJ9.CvRo9LnfZPABLPUv-bdj2D1H8P1g8Ha-SwaMrrSSTIElxyV6rpWA77f_FIgB1JGflgUQoqRVUJ0Sol9AiGM5e5YO1FBAffV8POGeWMN40Gip1NsaoWBcXaqyuYdTqHvYBNK7c6D9gVr8Xo5W1NOw8Z6tyvhRSlSpF_r88G3s1dkXSPoEs8UkZw3ux7jEu94HocQlZjjtH_sLYcrJT0NdhXvf5Pfsq2QczHyd6a4MUKABLFR0h4iVtQ1T575X2foi9rOrzIdrKUruiG5tZd1fj3FVDDCpUgtBWLsvg1vAPjc.RIRNePC-lh05ftX23ILQ9VmBfJuWI_Yhq-R35MIrGlI&dib_tag=se&keywords=camera+fpv&qid=1713351643&sr=8-73
Amazon;BETAFPV VR03 FPV Glasses with DVR Function, Interchangeable Antenna, 5.8G, 48 Channels 4.3 Inch 800 x 480PX, HD-LCD, NTSC/PAL Support Recording Playback with FPV Racing Drones such as Cetus Meteor;"No featured offers available£84.99	
(1 new offer)";https://m.media-amazon.com/images/I/5164W8B0QoL._AC_UL320_.jpg;https://www.amazon.co.uk/BETAFPV-Function-Interchangeable-800x480PX-Recording/dp/B0BKP7SHF9/ref=sr_1_76?dib=eyJ2IjoiMSJ9.CvRo9LnfZPABLPUv-bdj2D1H8P1g8Ha-SwaMrrSSTIElxyV6rpWA77f_FIgB1JGflgUQoqRVUJ0Sol9AiGM5e5YO1FBAffV8POGeWMN40Gip1NsaoWBcXaqyuYdTqHvYBNK7c6D9gVr8Xo5W1NOw8Z6tyvhRSlSpF_r88G3s1dkXSPoEs8UkZw3ux7jEu94HocQlZjjtH_sLYcrJT0NdhXvf5Pfsq2QczHyd6a4MUKABLFR0h4iVtQ1T575X2foi9rOrzIdrKUruiG5tZd1fj3FVDDCpUgtBWLsvg1vAPjc.RIRNePC-lh05ftX23ILQ9VmBfJuWI_Yhq-R35MIrGlI&dib_tag=se&keywords=camera+fpv&qid=1713351643&sr=8-76
Amazon;WLTOYS Q868 Drone/Helicopter/Quadcopter GPS Drone 5G WIFI FPV 4K HD Camera Brushless Motor Foldable Quadcopter Air Pressure Altitude Hold RC Dron (Q868 1 * 3000);Only 15 left in stock.;https://m.media-amazon.com/images/I/516I1+WPTRL._AC_UL320_.jpg;https://www.amazon.co.uk/WLTOYS-Helicopter-Quadcopter-Brushless-Foldable/dp/B0CKDY2NKW/ref=sr_1_78?dib=eyJ2IjoiMSJ9.CvRo9LnfZPABLPUv-bdj2D1H8P1g8Ha-SwaMrrSSTIElxyV6rpWA77f_FIgB1JGflgUQoqRVUJ0Sol9AiGM5e5YO1FBAffV8POGeWMN40Gip1NsaoWBcXaqyuYdTqHvYBNK7c6D9gVr8Xo5W1NOw8Z6tyvhRSlSpF_r88G3s1dkXSPoEs8UkZw3ux7jEu94HocQlZjjtH_sLYcrJT0NdhXvf5Pfsq2QczHyd6a4MUKABLFR0h4iVtQ1T575X2foi9rOrzIdrKUruiG5tZd1fj3FVDDCpUgtBWLsvg1vAPjc.RIRNePC-lh05ftX23ILQ9VmBfJuWI_Yhq-R35MIrGlI&dib_tag=se&keywords=camera+fpv&qid=1713351643&sr=8-78
Amazon;Lens Protector Protection Cover for DJI FPV Goggles V2 / DJI Avata Goggles 2 Storage Mat Anti-Friction Protection for Goggles V2 / 2 DJI FPV Avata Accessories;"No featured offers available£17.16	
(1 new offer)";https://m.media-amazon.com/images/I/51+xFvksDsL._AC_UL320_.jpg;https://www.amazon.co.uk/Protector-Protection-Goggles-Anti-Friction-Accessories/dp/B0BPSVYX8T/ref=sr_1_79?dib=eyJ2IjoiMSJ9.CvRo9LnfZPABLPUv-bdj2D1H8P1g8Ha-SwaMrrSSTIElxyV6rpWA77f_FIgB1JGflgUQoqRVUJ0Sol9AiGM5e5YO1FBAffV8POGeWMN40Gip1NsaoWBcXaqyuYdTqHvYBNK7c6D9gVr8Xo5W1NOw8Z6tyvhRSlSpF_r88G3s1dkXSPoEs8UkZw3ux7jEu94HocQlZjjtH_sLYcrJT0NdhXvf5Pfsq2QczHyd6a4MUKABLFR0h4iVtQ1T575X2foi9rOrzIdrKUruiG5tZd1fj3FVDDCpUgtBWLsvg1vAPjc.RIRNePC-lh05ftX23ILQ9VmBfJuWI_Yhq-R35MIrGlI&dib_tag=se&keywords=camera+fpv&qid=1713351643&sr=8-79
Amazon;sourcing map 6mm CCTV Camera Lens 3MP F2.0 FPV Wide Angle Security Camera Lens M12 Threaded Dia for IP Camera Panoramic, Black;No featured offers available£7.99(2 new offers);https://m.media-amazon.com/images/I/61J+V4VgBgL._AC_UL320_.jpg;https://www.amazon.co.uk/sourcing-map-Security-Threaded-Panoramic/dp/B0CWS15C92/ref=sr_1_84?dib=eyJ2IjoiMSJ9.CvRo9LnfZPABLPUv-bdj2D1H8P1g8Ha-SwaMrrSSTIElxyV6rpWA77f_FIgB1JGflgUQoqRVUJ0Sol9AiGM5e5YO1FBAffV8POGeWMN40Gip1NsaoWBcXaqyuYdTqHvYBNK7c6D9gVr8Xo5W1NOw8Z6tyvhRSlSpF_r88G3s1dkXSPoEs8UkZw3ux7jEu94HocQlZjjtH_sLYcrJT0NdhXvf5Pfsq2QczHyd6a4MUKABLFR0h4iVtQ1T575X2foi9rOrzIdrKUruiG5tZd1fj3FVDDCpUgtBWLsvg1vAPjc.RIRNePC-lh05ftX23ILQ9VmBfJuWI_Yhq-R35MIrGlI&dib_tag=se&keywords=camera+fpv&qid=1713351643&sr=8-84
Amazon;sourcing map 3.6mm CCTV Camera Lens 3MP F2.0 FPV Wide Angle Security Camera Lens M12 Threaded Dia for IP Camera Panoramic, Black;No featured offers available£7.99(2 new offers);https://m.media-amazon.com/images/I/51VcM7lsm6L._AC_UL320_.jpg;https://www.amazon.co.uk/sourcing-map-Security-Threaded-Panoramic/dp/B0CWRZZ4YY/ref=sr_1_85?dib=eyJ2IjoiMSJ9.CvRo9LnfZPABLPUv-bdj2D1H8P1g8Ha-SwaMrrSSTIElxyV6rpWA77f_FIgB1JGflgUQoqRVUJ0Sol9AiGM5e5YO1FBAffV8POGeWMN40Gip1NsaoWBcXaqyuYdTqHvYBNK7c6D9gVr8Xo5W1NOw8Z6tyvhRSlSpF_r88G3s1dkXSPoEs8UkZw3ux7jEu94HocQlZjjtH_sLYcrJT0NdhXvf5Pfsq2QczHyd6a4MUKABLFR0h4iVtQ1T575X2foi9rOrzIdrKUruiG5tZd1fj3FVDDCpUgtBWLsvg1vAPjc.RIRNePC-lh05ftX23ILQ9VmBfJuWI_Yhq-R35MIrGlI&dib_tag=se&keywords=camera+fpv&qid=1713351643&sr=8-85
Amazon;sourcing map 2.1mm CCTV Camera Lens 5MP F2.0 FPV Wide Angle Security Camera Lens M12 Threaded Dia for IP Camera Panoramic, Black 2Pcs;No featured offers available£19.99(2 new offers);https://m.media-amazon.com/images/I/61RxXi+m6tL._AC_UL320_.jpg;https://www.amazon.co.uk/sourcing-map-Security-Threaded-Panoramic/dp/B0CWRYTL2R/ref=sr_1_86?dib=eyJ2IjoiMSJ9.CvRo9LnfZPABLPUv-bdj2D1H8P1g8Ha-SwaMrrSSTIElxyV6rpWA77f_FIgB1JGflgUQoqRVUJ0Sol9AiGM5e5YO1FBAffV8POGeWMN40Gip1NsaoWBcXaqyuYdTqHvYBNK7c6D9gVr8Xo5W1NOw8Z6tyvhRSlSpF_r88G3s1dkXSPoEs8UkZw3ux7jEu94HocQlZjjtH_sLYcrJT0NdhXvf5Pfsq2QczHyd6a4MUKABLFR0h4iVtQ1T575X2foi9rOrzIdrKUruiG5tZd1fj3FVDDCpUgtBWLsvg1vAPjc.RIRNePC-lh05ftX23ILQ9VmBfJuWI_Yhq-R35MIrGlI&dib_tag=se&keywords=camera+fpv&qid=1713351643&sr=8-86
Amazon;sourcing map 6mm CCTV Camera Lens 720p F2.0 FPV Wide Angle Security Camera Lens M12 Threaded Dia for IP Camera Panoramic, Black;No featured offers available£5.99(2 new offers);https://m.media-amazon.com/images/I/61JWhXR-ERL._AC_UL320_.jpg;https://www.amazon.co.uk/sourcing-map-Security-Threaded-Panoramic/dp/B0CWRWDW7Z/ref=sr_1_88?dib=eyJ2IjoiMSJ9.CvRo9LnfZPABLPUv-bdj2D1H8P1g8Ha-SwaMrrSSTIElxyV6rpWA77f_FIgB1JGflgUQoqRVUJ0Sol9AiGM5e5YO1FBAffV8POGeWMN40Gip1NsaoWBcXaqyuYdTqHvYBNK7c6D9gVr8Xo5W1NOw8Z6tyvhRSlSpF_r88G3s1dkXSPoEs8UkZw3ux7jEu94HocQlZjjtH_sLYcrJT0NdhXvf5Pfsq2QczHyd6a4MUKABLFR0h4iVtQ1T575X2foi9rOrzIdrKUruiG5tZd1fj3FVDDCpUgtBWLsvg1vAPjc.RIRNePC-lh05ftX23ILQ9VmBfJuWI_Yhq-R35MIrGlI&dib_tag=se&keywords=camera+fpv&qid=1713351643&sr=8-88
Amazon;WiFi RC FPV Drone with HD 1080P Camera for Adults, Foldable RC Quadcopter with 2.4GHz Real-Time Transmission, Altitude Hold 3D Flips 2 Batteries;"No featured offers available£142.99	
(1 new offer)";https://m.media-amazon.com/images/I/71hMbZrPphS._AC_UL320_.jpg;https://www.amazon.co.uk/Foldable-Quadcopter-Real-Time-Transmission-Batteries/dp/B0D17BFNK5/ref=sr_1_94?dib=eyJ2IjoiMSJ9.CvRo9LnfZPABLPUv-bdj2D1H8P1g8Ha-SwaMrrSSTIElxyV6rpWA77f_FIgB1JGflgUQoqRVUJ0Sol9AiGM5e5YO1FBAffV8POGeWMN40Gip1NsaoWBcXaqyuYdTqHvYBNK7c6D9gVr8Xo5W1NOw8Z6tyvhRSlSpF_r88G3s1dkXSPoEs8UkZw3ux7jEu94HocQlZjjtH_sLYcrJT0NdhXvf5Pfsq2QczHyd6a4MUKABLFR0h4iVtQ1T575X2foi9rOrzIdrKUruiG5tZd1fj3FVDDCpUgtBWLsvg1vAPjc.RIRNePC-lh05ftX23ILQ9VmBfJuWI_Yhq-R35MIrGlI&dib_tag=se&keywords=camera+fpv&qid=1713351643&sr=8-94
Amazon;Fielect 2.8-12mm 2MP F1.4 FPV Camera Lens Wide Angle for CCD Camera CS 1Pcs;Only 8 left in stock.;https://m.media-amazon.com/images/I/61Aj-Q6KAHS._AC_UL320_.jpg;https://www.amazon.co.uk/Fielect-2-8-12mm-F1-4-Camera-Angle/dp/B081YGM8JM/ref=sr_1_97?dib=eyJ2IjoiMSJ9.CvRo9LnfZPABLPUv-bdj2D1H8P1g8Ha-SwaMrrSSTIElxyV6rpWA77f_FIgB1JGflgUQoqRVUJ0Sol9AiGM5e5YO1FBAffV8POGeWMN40Gip1NsaoWBcXaqyuYdTqHvYBNK7c6D9gVr8Xo5W1NOw8Z6tyvhRSlSpF_r88G3s1dkXSPoEs8UkZw3ux7jEu94HocQlZjjtH_sLYcrJT0NdhXvf5Pfsq2QczHyd6a4MUKABLFR0h4iVtQ1T575X2foi9rOrzIdrKUruiG5tZd1fj3FVDDCpUgtBWLsvg1vAPjc.RIRNePC-lh05ftX23ILQ9VmBfJuWI_Yhq-R35MIrGlI&dib_tag=se&keywords=camera+fpv&qid=1713351643&sr=8-97
Shop;Name;Price;Image URL;Product URL
Amazon;iFlight TPU Camera Mount Angle Adjustable Protector XL Series XL5 SL5 DC5 XL7 DC7 Quadcopter FPV Frame (0~40° Adjustable) Black (Protector for Gopro8);Only 2 left in stock.;https://m.media-amazon.com/images/I/51yhD6tBkSL._AC_UL320_.jpg;https://www.amazon.co.uk/iFlight-Camera-Adjustable-Protector-Quadcopter/dp/B08LML421F/ref=sr_1_102?dib=eyJ2IjoiMSJ9.O1xyGM90EBz06fwJKomQE2EuMW412uqscOJ15F_AlefEBITTeuAvMFN6sycy-0T8pbPjdSv3rfm4WJEiHJaubRy6oC_EHOBEGwg-6dvFVanehaN8vjHOPcxJ5hWmOmE1fSNJjyU-jwaMgQB3I5oB8vI9ROUD3-HG9v3TdemkqTlywIAt9lgs_Etegy5XDAEqucjSdZDENQkBPko4DnzZyuCaQdN24cf-rsmfnCXJ-dubBAQLtd_8bub_LiVCW8Q3lz25gnyGQI-LvgJVUP2tZoQsq3eADXSyAGMrLwPGeRM.0Urv4XuPxwAAM_HmORcVZp_tWpow8up8wnatrR4hQpI&dib_tag=se&keywords=camera+fpv&qid=1713351644&sr=8-102
Amazon;gouduoduo2018 FPV Drone Gimbal Bumper for DJI FPV Drone PTZ Protect Bar Aluminum Alloy Camera Anti-collision (Black);Only 2 left in stock.;https://m.media-amazon.com/images/I/51+yy1zTWZS._AC_UL320_.jpg;https://www.amazon.co.uk/gouduoduo2018-Gimbal-Protect-Aluminum-Anti-collision/dp/B096RH56VF/ref=sr_1_105?dib=eyJ2IjoiMSJ9.O1xyGM90EBz06fwJKomQE2EuMW412uqscOJ15F_AlefEBITTeuAvMFN6sycy-0T8pbPjdSv3rfm4WJEiHJaubRy6oC_EHOBEGwg-6dvFVanehaN8vjHOPcxJ5hWmOmE1fSNJjyU-jwaMgQB3I5oB8vI9ROUD3-HG9v3TdemkqTlywIAt9lgs_Etegy5XDAEqucjSdZDENQkBPko4DnzZyuCaQdN24cf-rsmfnCXJ-dubBAQLtd_8bub_LiVCW8Q3lz25gnyGQI-LvgJVUP2tZoQsq3eADXSyAGMrLwPGeRM.0Urv4XuPxwAAM_HmORcVZp_tWpow8up8wnatrR4hQpI&dib_tag=se&keywords=camera+fpv&qid=1713351644&sr=8-105
Amazon;TTROARDS 12 Drone avec 2 caméras, Drone à caméra fixe pratique, Drone motorisé ajustable, Drone RC WiFi FPV Quadcopter Beginner Transmitter with 2 Batteries;"No featured offers available£38.74	
(1 new offer)";https://m.media-amazon.com/images/I/71OL3K3qqjL._AC_UL320_.jpg;https://www.amazon.co.uk/dp/B0CT3BBGGS/ref=sr_1_109?dib=eyJ2IjoiMSJ9.O1xyGM90EBz06fwJKomQE2EuMW412uqscOJ15F_AlefEBITTeuAvMFN6sycy-0T8pbPjdSv3rfm4WJEiHJaubRy6oC_EHOBEGwg-6dvFVanehaN8vjHOPcxJ5hWmOmE1fSNJjyU-jwaMgQB3I5oB8vI9ROUD3-HG9v3TdemkqTlywIAt9lgs_Etegy5XDAEqucjSdZDENQkBPko4DnzZyuCaQdN24cf-rsmfnCXJ-dubBAQLtd_8bub_LiVCW8Q3lz25gnyGQI-LvgJVUP2tZoQsq3eADXSyAGMrLwPGeRM.0Urv4XuPxwAAM_HmORcVZp_tWpow8up8wnatrR4hQpI&dib_tag=se&keywords=camera+fpv&qid=1713351644&sr=8-109
Amazon;sourcing map 16mm CCTV Camera Lens 5MP F2.0 FPV Wide Angle Security Camera Lens M12 Threaded Dia for IP Camera Panoramic, Black 2Pcs;No featured offers available£14.49(2 new offers);https://m.media-amazon.com/images/I/61PF0YnPSuL._AC_UL320_.jpg;https://www.amazon.co.uk/sourcing-map-Security-Threaded-Panoramic/dp/B0CWS3FMG8/ref=sr_1_110?dib=eyJ2IjoiMSJ9.O1xyGM90EBz06fwJKomQE2EuMW412uqscOJ15F_AlefEBITTeuAvMFN6sycy-0T8pbPjdSv3rfm4WJEiHJaubRy6oC_EHOBEGwg-6dvFVanehaN8vjHOPcxJ5hWmOmE1fSNJjyU-jwaMgQB3I5oB8vI9ROUD3-HG9v3TdemkqTlywIAt9lgs_Etegy5XDAEqucjSdZDENQkBPko4DnzZyuCaQdN24cf-rsmfnCXJ-dubBAQLtd_8bub_LiVCW8Q3lz25gnyGQI-LvgJVUP2tZoQsq3eADXSyAGMrLwPGeRM.0Urv4XuPxwAAM_HmORcVZp_tWpow8up8wnatrR4hQpI&dib_tag=se&keywords=camera+fpv&qid=1713351644&sr=8-110
Amazon;WiFi RC FPV Drone with HD 1080P Camera for Adults, Foldable RC Quadcopter with 2.4GHz Real-Time Transmission, Altitude Hold 3D Flips 2 Batteries;"No featured offers available£111.99	
(1 new offer)";https://m.media-amazon.com/images/I/71hMbZrPphS._AC_UL320_.jpg;https://www.amazon.co.uk/Foldable-Quadcopter-Real-Time-Transmission-Batteries/dp/B0D1QMWB4H/ref=sr_1_111?dib=eyJ2IjoiMSJ9.O1xyGM90EBz06fwJKomQE2EuMW412uqscOJ15F_AlefEBITTeuAvMFN6sycy-0T8pbPjdSv3rfm4WJEiHJaubRy6oC_EHOBEGwg-6dvFVanehaN8vjHOPcxJ5hWmOmE1fSNJjyU-jwaMgQB3I5oB8vI9ROUD3-HG9v3TdemkqTlywIAt9lgs_Etegy5XDAEqucjSdZDENQkBPko4DnzZyuCaQdN24cf-rsmfnCXJ-dubBAQLtd_8bub_LiVCW8Q3lz25gnyGQI-LvgJVUP2tZoQsq3eADXSyAGMrLwPGeRM.0Urv4XuPxwAAM_HmORcVZp_tWpow8up8wnatrR4hQpI&dib_tag=se&keywords=camera+fpv&qid=1713351644&sr=8-111
Amazon;WiFi RC FPV Drone with HD 1080P Camera for Adults, Foldable RC Quadcopter with 2.4GHz Real-Time Transmission, Altitude Hold 3D Flips 2 Batteries;"No featured offers available£109.99	
(1 new offer)";https://m.media-amazon.com/images/I/71FnsDl0lVS._AC_UL320_.jpg;https://www.amazon.co.uk/Foldable-Quadcopter-Real-Time-Transmission-Batteries/dp/B0D17BNPWG/ref=sr_1_112?dib=eyJ2IjoiMSJ9.O1xyGM90EBz06fwJKomQE2EuMW412uqscOJ15F_AlefEBITTeuAvMFN6sycy-0T8pbPjdSv3rfm4WJEiHJaubRy6oC_EHOBEGwg-6dvFVanehaN8vjHOPcxJ5hWmOmE1fSNJjyU-jwaMgQB3I5oB8vI9ROUD3-HG9v3TdemkqTlywIAt9lgs_Etegy5XDAEqucjSdZDENQkBPko4DnzZyuCaQdN24cf-rsmfnCXJ-dubBAQLtd_8bub_LiVCW8Q3lz25gnyGQI-LvgJVUP2tZoQsq3eADXSyAGMrLwPGeRM.0Urv4XuPxwAAM_HmORcVZp_tWpow8up8wnatrR4hQpI&dib_tag=se&keywords=camera+fpv&qid=1713351644&sr=8-112
Amazon;WiFi RC FPV Drone with HD 1080P Camera for Adults, Foldable RC Quadcopter with 2.4GHz Real-Time Transmission, Altitude Hold 3D Flips 2 Batteries;"No featured offers available£109.99	
(1 new offer)";https://m.media-amazon.com/images/I/71FnsDl0lVS._AC_UL320_.jpg;https://www.amazon.co.uk/Foldable-Quadcopter-Real-Time-Transmission-Batteries/dp/B0D179YDPX/ref=sr_1_113?dib=eyJ2IjoiMSJ9.O1xyGM90EBz06fwJKomQE2EuMW412uqscOJ15F_AlefEBITTeuAvMFN6sycy-0T8pbPjdSv3rfm4WJEiHJaubRy6oC_EHOBEGwg-6dvFVanehaN8vjHOPcxJ5hWmOmE1fSNJjyU-jwaMgQB3I5oB8vI9ROUD3-HG9v3TdemkqTlywIAt9lgs_Etegy5XDAEqucjSdZDENQkBPko4DnzZyuCaQdN24cf-rsmfnCXJ-dubBAQLtd_8bub_LiVCW8Q3lz25gnyGQI-LvgJVUP2tZoQsq3eADXSyAGMrLwPGeRM.0Urv4XuPxwAAM_HmORcVZp_tWpow8up8wnatrR4hQpI&dib_tag=se&keywords=camera+fpv&qid=1713351644&sr=8-113
Amazon;Fielect 6mm 720P F2.0 FPV Camera Lens Wide Angle for CCD Camera M12 2Pcs;Only 1 left in stock.;https://m.media-amazon.com/images/I/51KaML5CDML._AC_UL320_.jpg;https://www.amazon.co.uk/Fielect-720P-F2-0-Camera-Angle/dp/B081YD5KKH/ref=sr_1_117?dib=eyJ2IjoiMSJ9.O1xyGM90EBz06fwJKomQE2EuMW412uqscOJ15F_AlefEBITTeuAvMFN6sycy-0T8pbPjdSv3rfm4WJEiHJaubRy6oC_EHOBEGwg-6dvFVanehaN8vjHOPcxJ5hWmOmE1fSNJjyU-jwaMgQB3I5oB8vI9ROUD3-HG9v3TdemkqTlywIAt9lgs_Etegy5XDAEqucjSdZDENQkBPko4DnzZyuCaQdN24cf-rsmfnCXJ-dubBAQLtd_8bub_LiVCW8Q3lz25gnyGQI-LvgJVUP2tZoQsq3eADXSyAGMrLwPGeRM.0Urv4XuPxwAAM_HmORcVZp_tWpow8up8wnatrR4hQpI&dib_tag=se&keywords=camera+fpv&qid=1713351644&sr=8-117
Amazon;Datering C03 FPV Mini Camera 2.1 mm Lens 1/3 CMOS Sensor 160¡ãFOV Suit for M03 5.8G VTX for FPV Quadcopters Replacement Accessory;"No featured offers available£30.63	
(1 new offer)";https://m.media-amazon.com/images/I/51BAoMfG3OL._AC_UL320_.jpg;https://www.amazon.co.uk/Datering-160%C2%A1%C3%A3FOV-Quadcopters-Replacement-Accessory/dp/B0D1R2P93G/ref=sr_1_119?dib=eyJ2IjoiMSJ9.O1xyGM90EBz06fwJKomQE2EuMW412uqscOJ15F_AlefEBITTeuAvMFN6sycy-0T8pbPjdSv3rfm4WJEiHJaubRy6oC_EHOBEGwg-6dvFVanehaN8vjHOPcxJ5hWmOmE1fSNJjyU-jwaMgQB3I5oB8vI9ROUD3-HG9v3TdemkqTlywIAt9lgs_Etegy5XDAEqucjSdZDENQkBPko4DnzZyuCaQdN24cf-rsmfnCXJ-dubBAQLtd_8bub_LiVCW8Q3lz25gnyGQI-LvgJVUP2tZoQsq3eADXSyAGMrLwPGeRM.0Urv4XuPxwAAM_HmORcVZp_tWpow8up8wnatrR4hQpI&dib_tag=se&keywords=camera+fpv&qid=1713351644&sr=8-119
Amazon;WLTOYS High-Speed RC Helicopter X1S Drone with 4K HD Camera 2-Axis Self-stabilizing Gimbal 5G Wifi FPV GPS Brushsss RC Quadcopter VS X1 Drone (X1S 2 * 3150);Only 15 left in stock.;https://m.media-amazon.com/images/I/51Nfhw7txuL._AC_UL320_.jpg;https://www.amazon.co.uk/WLTOYS-High-Speed-Helicopter-Self-stabilizing-Quadcopter/dp/B0CKDY1FLH/ref=sr_1_121?dib=eyJ2IjoiMSJ9.O1xyGM90EBz06fwJKomQE2EuMW412uqscOJ15F_AlefEBITTeuAvMFN6sycy-0T8pbPjdSv3rfm4WJEiHJaubRy6oC_EHOBEGwg-6dvFVanehaN8vjHOPcxJ5hWmOmE1fSNJjyU-jwaMgQB3I5oB8vI9ROUD3-HG9v3TdemkqTlywIAt9lgs_Etegy5XDAEqucjSdZDENQkBPko4DnzZyuCaQdN24cf-rsmfnCXJ-dubBAQLtd_8bub_LiVCW8Q3lz25gnyGQI-LvgJVUP2tZoQsq3eADXSyAGMrLwPGeRM.0Urv4XuPxwAAM_HmORcVZp_tWpow8up8wnatrR4hQpI&dib_tag=se&keywords=camera+fpv&qid=1713351644&sr=8-121
Amazon;BONOCO Drone with Camera Live Video 1080P HD Flight Time Drone Drone with 720P HD Camera Live Video FPV Quadcopter with Headless Mode Altitude Hold Helicopter with 2 Batteries(6mins + 8mins);Only 9 left in stock.;https://m.media-amazon.com/images/I/51DP5efqe7L._AC_UL320_.jpg;https://www.amazon.co.uk/BONOCO-Quadcopter-Headless-Helicopter-Batteries/dp/B0BBL37Q6G/ref=sr_1_130?dib=eyJ2IjoiMSJ9.O1xyGM90EBz06fwJKomQE2EuMW412uqscOJ15F_AlefEBITTeuAvMFN6sycy-0T8pbPjdSv3rfm4WJEiHJaubRy6oC_EHOBEGwg-6dvFVanehaN8vjHOPcxJ5hWmOmE1fSNJjyU-jwaMgQB3I5oB8vI9ROUD3-HG9v3TdemkqTlywIAt9lgs_Etegy5XDAEqucjSdZDENQkBPko4DnzZyuCaQdN24cf-rsmfnCXJ-dubBAQLtd_8bub_LiVCW8Q3lz25gnyGQI-LvgJVUP2tZoQsq3eADXSyAGMrLwPGeRM.0Urv4XuPxwAAM_HmORcVZp_tWpow8up8wnatrR4hQpI&dib_tag=se&keywords=camera+fpv&qid=1713351644&sr=8-130
Amazon;Lzeouean 1000TVL FPV Camera 2.8mm Wide Angle Lens CMOS NTSC PAL for QAV250 Multicopter;"No featured offers available£11.48	
(1 new offer)";https://m.media-amazon.com/images/I/51cwIyPOEqL._AC_UL320_.jpg;https://www.amazon.co.uk/Lzeouean-1000TVL-Camera-QAV250-Multicopter/dp/B0CRDBFYMW/ref=sr_1_133?dib=eyJ2IjoiMSJ9.O1xyGM90EBz06fwJKomQE2EuMW412uqscOJ15F_AlefEBITTeuAvMFN6sycy-0T8pbPjdSv3rfm4WJEiHJaubRy6oC_EHOBEGwg-6dvFVanehaN8vjHOPcxJ5hWmOmE1fSNJjyU-jwaMgQB3I5oB8vI9ROUD3-HG9v3TdemkqTlywIAt9lgs_Etegy5XDAEqucjSdZDENQkBPko4DnzZyuCaQdN24cf-rsmfnCXJ-dubBAQLtd_8bub_LiVCW8Q3lz25gnyGQI-LvgJVUP2tZoQsq3eADXSyAGMrLwPGeRM.0Urv4XuPxwAAM_HmORcVZp_tWpow8up8wnatrR4hQpI&dib_tag=se&keywords=camera+fpv&qid=1713351644&sr=8-133
Amazon;"Anbee Action Camera Carry Bracket Holder with Tripod Mount Adapter and 1/4"" Cold Shoe Adapter Compatible with DJI FPV Drone";Only 4 left in stock.;https://m.media-amazon.com/images/I/51DiLIywr3S._AC_UL320_.jpg;https://www.amazon.co.uk/Anbee-Action-Bracket-Adapter-Compatible/dp/B098X43Z4L/ref=sr_1_135?dib=eyJ2IjoiMSJ9.O1xyGM90EBz06fwJKomQE2EuMW412uqscOJ15F_AlefEBITTeuAvMFN6sycy-0T8pbPjdSv3rfm4WJEiHJaubRy6oC_EHOBEGwg-6dvFVanehaN8vjHOPcxJ5hWmOmE1fSNJjyU-jwaMgQB3I5oB8vI9ROUD3-HG9v3TdemkqTlywIAt9lgs_Etegy5XDAEqucjSdZDENQkBPko4DnzZyuCaQdN24cf-rsmfnCXJ-dubBAQLtd_8bub_LiVCW8Q3lz25gnyGQI-LvgJVUP2tZoQsq3eADXSyAGMrLwPGeRM.0Urv4XuPxwAAM_HmORcVZp_tWpow8up8wnatrR4hQpI&dib_tag=se&keywords=camera+fpv&qid=1713351644&sr=8-135
Amazon;Lzeouean 1000TVL FPV Camera 3.6mm Wide Angle Lens CMOS NTSC PAL for QAV250 Multicopter;"No featured offers available£11.50	
(1 new offer)";https://m.media-amazon.com/images/I/61ZYqg85qXL._AC_UL320_.jpg;https://www.amazon.co.uk/Lzeouean-1000TVL-Camera-QAV250-Multicopter/dp/B0CRDBPQLR/ref=sr_1_137?dib=eyJ2IjoiMSJ9.O1xyGM90EBz06fwJKomQE2EuMW412uqscOJ15F_AlefEBITTeuAvMFN6sycy-0T8pbPjdSv3rfm4WJEiHJaubRy6oC_EHOBEGwg-6dvFVanehaN8vjHOPcxJ5hWmOmE1fSNJjyU-jwaMgQB3I5oB8vI9ROUD3-HG9v3TdemkqTlywIAt9lgs_Etegy5XDAEqucjSdZDENQkBPko4DnzZyuCaQdN24cf-rsmfnCXJ-dubBAQLtd_8bub_LiVCW8Q3lz25gnyGQI-LvgJVUP2tZoQsq3eADXSyAGMrLwPGeRM.0Urv4XuPxwAAM_HmORcVZp_tWpow8up8wnatrR4hQpI&dib_tag=se&keywords=camera+fpv&qid=1713351644&sr=8-137
Amazon;YIAGXIVG 1/3 CMOS 1500TVL Mini FPV Camera 2.1mm Lens DC5V-30V NTSC With OSD Internal Adjustable For FPV Racing Drones fpv camera mounting brackets;"No featured offers available£21.67	
(1 new offer)";https://m.media-amazon.com/images/I/51AuzIKb81L._AC_UL320_.jpg;https://www.amazon.co.uk/YIAGXIVG-DC5V-30V-Internal-Adjustable-mounting-Black/dp/B0BTY4C2MY/ref=sr_1_139?dib=eyJ2IjoiMSJ9.O1xyGM90EBz06fwJKomQE2EuMW412uqscOJ15F_AlefEBITTeuAvMFN6sycy-0T8pbPjdSv3rfm4WJEiHJaubRy6oC_EHOBEGwg-6dvFVanehaN8vjHOPcxJ5hWmOmE1fSNJjyU-jwaMgQB3I5oB8vI9ROUD3-HG9v3TdemkqTlywIAt9lgs_Etegy5XDAEqucjSdZDENQkBPko4DnzZyuCaQdN24cf-rsmfnCXJ-dubBAQLtd_8bub_LiVCW8Q3lz25gnyGQI-LvgJVUP2tZoQsq3eADXSyAGMrLwPGeRM.0Urv4XuPxwAAM_HmORcVZp_tWpow8up8wnatrR4hQpI&dib_tag=se&keywords=camera+fpv&qid=1713351644&sr=8-139
Amazon;BONOCO Drone Wifi Camera Quadcopter Real Time Transmit FPV Headless Mode Dron Plane Quadrocopter Drones Aircraft R/C Technic Motor UAV 200w HD Camera;Only 9 left in stock.;https://m.media-amazon.com/images/I/61TgiOMGzpL._AC_UL320_.jpg;https://www.amazon.co.uk/BONOCO-Quadcopter-Transmit-Headless-Quadrocopter/dp/B0BBL3G7T1/ref=sr_1_147?dib=eyJ2IjoiMSJ9.O1xyGM90EBz06fwJKomQE2EuMW412uqscOJ15F_AlefEBITTeuAvMFN6sycy-0T8pbPjdSv3rfm4WJEiHJaubRy6oC_EHOBEGwg-6dvFVanehaN8vjHOPcxJ5hWmOmE1fSNJjyU-jwaMgQB3I5oB8vI9ROUD3-HG9v3TdemkqTlywIAt9lgs_Etegy5XDAEqucjSdZDENQkBPko4DnzZyuCaQdN24cf-rsmfnCXJ-dubBAQLtd_8bub_LiVCW8Q3lz25gnyGQI-LvgJVUP2tZoQsq3eADXSyAGMrLwPGeRM.0Urv4XuPxwAAM_HmORcVZp_tWpow8up8wnatrR4hQpI&dib_tag=se&keywords=camera+fpv&qid=1713351644&sr=8-147
Shop;Name;Price;Image URL;Product URL
Amazon;ERYUE LS-E525 RC Drone with Camera 4K Camera WiFi FPV Drone Headless Mode Altitude Hold Gesture Photo Video Track Flight 3D Filp RC Qudcopter;Only 2 left in stock.;https://m.media-amazon.com/images/I/51e3IsaV0fS._AC_UL320_.jpg;https://www.amazon.co.uk/ERYUE-LS-E525-Headless-Altitude-Qudcopter/dp/B0BYYPWZRD/ref=sr_1_158?dib=eyJ2IjoiMSJ9.GC_mks60SsJR65Y1bkAkKMe0gFzgKtLSbNqmnrk3aoDCo6f2A8cK14vK5gdmMH37Ff2x_Oajm8Axk1Pr6Ku1TWc99kXNQLFabSSa_haSBX1IuX4rwP6X7Rm0VOfqIFXtuYXtsn8-0vCo2YiwhDzLh1gJ1iBSYNw4gfjo0drGHFUkDefPrPqFNwPeUqXMiJcE3BaSKvMyCpbsQdltX-Ah9yPw8ac6H1Rw77ufVbUEXCsm6-AztSvkowaenbTHvU7qvSzW0ZdFr90XwlDD-uWyX6YYrj7sfr3vx9Kwc5F2SFY.Be0Mv14M11eSWPjnQM1FtYPCum1gjLXOnEITbhdBiK8&dib_tag=se&keywords=camera+fpv&qid=1713351645&sr=8-158
Amazon;Mini Drone with Camera, 1080P HD FPV Drone with One Key Take Off Land, Fixed Height, 4 Way Obstacle Avoidance, Folding Quadcopter for Kids and Adults;"No featured offers available£41.09	
(1 new offer)";https://m.media-amazon.com/images/I/61rC2h-McML._AC_UL320_.jpg;https://www.amazon.co.uk/Camera-Obstacle-Avoidance-Folding-Quadcopter/dp/B0CP18KZB6/ref=sr_1_159?dib=eyJ2IjoiMSJ9.GC_mks60SsJR65Y1bkAkKMe0gFzgKtLSbNqmnrk3aoDCo6f2A8cK14vK5gdmMH37Ff2x_Oajm8Axk1Pr6Ku1TWc99kXNQLFabSSa_haSBX1IuX4rwP6X7Rm0VOfqIFXtuYXtsn8-0vCo2YiwhDzLh1gJ1iBSYNw4gfjo0drGHFUkDefPrPqFNwPeUqXMiJcE3BaSKvMyCpbsQdltX-Ah9yPw8ac6H1Rw77ufVbUEXCsm6-AztSvkowaenbTHvU7qvSzW0ZdFr90XwlDD-uWyX6YYrj7sfr3vx9Kwc5F2SFY.Be0Mv14M11eSWPjnQM1FtYPCum1gjLXOnEITbhdBiK8&dib_tag=se&keywords=camera+fpv&qid=1713351645&sr=8-159
Amazon;Drone Camera, 1080P 2.3MM Lens Camera, Durable 8g 19x19x19mm 2.3mm Lens Outdoor for RC FPV;Only 2 left in stock.;https://m.media-amazon.com/images/I/61bXiRPUS4S._AC_UL320_.jpg;https://www.amazon.co.uk/Drone-Camera-Durable-19x19x19mm-Outdoor/dp/B09H7GNVT9/ref=sr_1_160?dib=eyJ2IjoiMSJ9.GC_mks60SsJR65Y1bkAkKMe0gFzgKtLSbNqmnrk3aoDCo6f2A8cK14vK5gdmMH37Ff2x_Oajm8Axk1Pr6Ku1TWc99kXNQLFabSSa_haSBX1IuX4rwP6X7Rm0VOfqIFXtuYXtsn8-0vCo2YiwhDzLh1gJ1iBSYNw4gfjo0drGHFUkDefPrPqFNwPeUqXMiJcE3BaSKvMyCpbsQdltX-Ah9yPw8ac6H1Rw77ufVbUEXCsm6-AztSvkowaenbTHvU7qvSzW0ZdFr90XwlDD-uWyX6YYrj7sfr3vx9Kwc5F2SFY.Be0Mv14M11eSWPjnQM1FtYPCum1gjLXOnEITbhdBiK8&dib_tag=se&keywords=camera+fpv&qid=1713351645&sr=8-160
Amazon;ERYUE S68 RC Drone with Camera 4K Wifi FPV Dual Camera Drone Mini Folding Quadcopter Toy for Kids with Gravity Sensor Control Headless Mode Gesture Photo Video Function;Only 3 left in stock.;https://m.media-amazon.com/images/I/61ujI68W2nL._AC_UL320_.jpg;https://www.amazon.co.uk/ERYUE-Folding-Quadcopter-Headless-Function/dp/B0BYYKQT42/ref=sr_1_161?dib=eyJ2IjoiMSJ9.GC_mks60SsJR65Y1bkAkKMe0gFzgKtLSbNqmnrk3aoDCo6f2A8cK14vK5gdmMH37Ff2x_Oajm8Axk1Pr6Ku1TWc99kXNQLFabSSa_haSBX1IuX4rwP6X7Rm0VOfqIFXtuYXtsn8-0vCo2YiwhDzLh1gJ1iBSYNw4gfjo0drGHFUkDefPrPqFNwPeUqXMiJcE3BaSKvMyCpbsQdltX-Ah9yPw8ac6H1Rw77ufVbUEXCsm6-AztSvkowaenbTHvU7qvSzW0ZdFr90XwlDD-uWyX6YYrj7sfr3vx9Kwc5F2SFY.Be0Mv14M11eSWPjnQM1FtYPCum1gjLXOnEITbhdBiK8&dib_tag=se&keywords=camera+fpv&qid=1713351645&sr=8-161
Amazon;Jinshen FPV Drone Kit Skin Wrap for DJI Drone Combo FPV Goggles V2 FPV Camera and Transmitter FPV Controller PVC Sticker Decal Set FPV Accessories (black);"No featured offers available£18.99	
(1 new offer)";https://m.media-amazon.com/images/I/61ToXVGaiYL._AC_UL320_.jpg;https://www.amazon.co.uk/Jinshen-Goggles-Transmitter-Controller-Accessories/dp/B08ZYM8XBY/ref=sr_1_162?dib=eyJ2IjoiMSJ9.GC_mks60SsJR65Y1bkAkKMe0gFzgKtLSbNqmnrk3aoDCo6f2A8cK14vK5gdmMH37Ff2x_Oajm8Axk1Pr6Ku1TWc99kXNQLFabSSa_haSBX1IuX4rwP6X7Rm0VOfqIFXtuYXtsn8-0vCo2YiwhDzLh1gJ1iBSYNw4gfjo0drGHFUkDefPrPqFNwPeUqXMiJcE3BaSKvMyCpbsQdltX-Ah9yPw8ac6H1Rw77ufVbUEXCsm6-AztSvkowaenbTHvU7qvSzW0ZdFr90XwlDD-uWyX6YYrj7sfr3vx9Kwc5F2SFY.Be0Mv14M11eSWPjnQM1FtYPCum1gjLXOnEITbhdBiK8&dib_tag=se&keywords=camera+fpv&qid=1713351645&sr=8-162
Amazon;BTG Gimbal Protector Camera Lens Cover Protector Compatible with DJI FPV Combo Drone;Only 11 left in stock.;https://m.media-amazon.com/images/I/51KBauMmnCS._AC_UL320_.jpg;https://www.amazon.co.uk/BTG-Gimbal-Protector-Camera-Compatible/dp/B0978TB7CR/ref=sr_1_164?dib=eyJ2IjoiMSJ9.GC_mks60SsJR65Y1bkAkKMe0gFzgKtLSbNqmnrk3aoDCo6f2A8cK14vK5gdmMH37Ff2x_Oajm8Axk1Pr6Ku1TWc99kXNQLFabSSa_haSBX1IuX4rwP6X7Rm0VOfqIFXtuYXtsn8-0vCo2YiwhDzLh1gJ1iBSYNw4gfjo0drGHFUkDefPrPqFNwPeUqXMiJcE3BaSKvMyCpbsQdltX-Ah9yPw8ac6H1Rw77ufVbUEXCsm6-AztSvkowaenbTHvU7qvSzW0ZdFr90XwlDD-uWyX6YYrj7sfr3vx9Kwc5F2SFY.Be0Mv14M11eSWPjnQM1FtYPCum1gjLXOnEITbhdBiK8&dib_tag=se&keywords=camera+fpv&qid=1713351645&sr=8-164
Amazon;Gimbal Bumper for DJI FPV Drone Accessories PTZ Protect Bar Aluminum Alloy Camera Anti-Collision (Red);Only 14 left in stock.;https://m.media-amazon.com/images/I/41-ucYzcRYL._AC_UL320_.jpg;https://www.amazon.co.uk/Gimbal-Accessories-Protect-Aluminum-Anti-Collision/dp/B09C615RHV/ref=sr_1_169?dib=eyJ2IjoiMSJ9.GC_mks60SsJR65Y1bkAkKMe0gFzgKtLSbNqmnrk3aoDCo6f2A8cK14vK5gdmMH37Ff2x_Oajm8Axk1Pr6Ku1TWc99kXNQLFabSSa_haSBX1IuX4rwP6X7Rm0VOfqIFXtuYXtsn8-0vCo2YiwhDzLh1gJ1iBSYNw4gfjo0drGHFUkDefPrPqFNwPeUqXMiJcE3BaSKvMyCpbsQdltX-Ah9yPw8ac6H1Rw77ufVbUEXCsm6-AztSvkowaenbTHvU7qvSzW0ZdFr90XwlDD-uWyX6YYrj7sfr3vx9Kwc5F2SFY.Be0Mv14M11eSWPjnQM1FtYPCum1gjLXOnEITbhdBiK8&dib_tag=se&keywords=camera+fpv&qid=1713351645&sr=8-169
Amazon;Gimbal Bumper for DJI FPV Drone Accessories PTZ Protect Bar Aluminum Alloy Camera Anti-Collision (Black);Only 12 left in stock.;https://m.media-amazon.com/images/I/41ncqeGrdhL._AC_UL320_.jpg;https://www.amazon.co.uk/Gimbal-Accessories-Protect-Aluminum-Anti-Collision/dp/B09C616CQ1/ref=sr_1_172?dib=eyJ2IjoiMSJ9.GC_mks60SsJR65Y1bkAkKMe0gFzgKtLSbNqmnrk3aoDCo6f2A8cK14vK5gdmMH37Ff2x_Oajm8Axk1Pr6Ku1TWc99kXNQLFabSSa_haSBX1IuX4rwP6X7Rm0VOfqIFXtuYXtsn8-0vCo2YiwhDzLh1gJ1iBSYNw4gfjo0drGHFUkDefPrPqFNwPeUqXMiJcE3BaSKvMyCpbsQdltX-Ah9yPw8ac6H1Rw77ufVbUEXCsm6-AztSvkowaenbTHvU7qvSzW0ZdFr90XwlDD-uWyX6YYrj7sfr3vx9Kwc5F2SFY.Be0Mv14M11eSWPjnQM1FtYPCum1gjLXOnEITbhdBiK8&dib_tag=se&keywords=camera+fpv&qid=1713351645&sr=8-172
Amazon;keppy LS-38 GPS RC Drone with Camera for Adults RC Drone with 6K Camera EIS Anti-shake Gimbal Brushless Motor 5G Wifi Video Aerial FPV Quadcopter Smart Follow Mode Backpack Package;Only 10 left in stock.;https://m.media-amazon.com/images/I/71eGO7kcc+S._AC_UL320_.jpg;https://www.amazon.co.uk/keppy-Anti-shake-Brushless-Quadcopter-Backpack/dp/B0CMQCB6M8/ref=sr_1_175?dib=eyJ2IjoiMSJ9.GC_mks60SsJR65Y1bkAkKMe0gFzgKtLSbNqmnrk3aoDCo6f2A8cK14vK5gdmMH37Ff2x_Oajm8Axk1Pr6Ku1TWc99kXNQLFabSSa_haSBX1IuX4rwP6X7Rm0VOfqIFXtuYXtsn8-0vCo2YiwhDzLh1gJ1iBSYNw4gfjo0drGHFUkDefPrPqFNwPeUqXMiJcE3BaSKvMyCpbsQdltX-Ah9yPw8ac6H1Rw77ufVbUEXCsm6-AztSvkowaenbTHvU7qvSzW0ZdFr90XwlDD-uWyX6YYrj7sfr3vx9Kwc5F2SFY.Be0Mv14M11eSWPjnQM1FtYPCum1gjLXOnEITbhdBiK8&dib_tag=se&keywords=camera+fpv&qid=1713351645&sr=8-175
Amazon;FansEe Gimbal Camera Aluminum Alloy Anti-collision Bar for D-Ј-Ι FPV Combo Drone Gimbal Bumper protector Gimbal Lens Bumper Aluminum Alloy Accessories (Color : Gimbal Bumper Red);"No featured offers available£28.31	
(1 new offer)";https://m.media-amazon.com/images/I/51k-ELxsvlL._AC_UL320_.jpg;https://www.amazon.co.uk/FansEe-Aluminum-Anti-collision-protector-Accessories/dp/B0CQF62TLP/ref=sr_1_176?dib=eyJ2IjoiMSJ9.GC_mks60SsJR65Y1bkAkKMe0gFzgKtLSbNqmnrk3aoDCo6f2A8cK14vK5gdmMH37Ff2x_Oajm8Axk1Pr6Ku1TWc99kXNQLFabSSa_haSBX1IuX4rwP6X7Rm0VOfqIFXtuYXtsn8-0vCo2YiwhDzLh1gJ1iBSYNw4gfjo0drGHFUkDefPrPqFNwPeUqXMiJcE3BaSKvMyCpbsQdltX-Ah9yPw8ac6H1Rw77ufVbUEXCsm6-AztSvkowaenbTHvU7qvSzW0ZdFr90XwlDD-uWyX6YYrj7sfr3vx9Kwc5F2SFY.Be0Mv14M11eSWPjnQM1FtYPCum1gjLXOnEITbhdBiK8&dib_tag=se&keywords=camera+fpv&qid=1713351645&sr=8-176
Amazon;For D-Ј-Ι РⲎАΝТОМ 3 FPV Gimbal Camera Accessories Damping 6pcs Bumper Rubber Balls 6pcs Anti Drop Pin Mount;"No featured offers available£18.86	
(1 new offer)";https://m.media-amazon.com/images/I/414goA7FNUL._AC_UL320_.jpg;https://www.amazon.co.uk/%D0%A0%E2%B2%8E%D0%90%CE%9D%D0%A2%D0%9E%D0%9C-Gimbal-Camera-Accessories-Damping/dp/B0CR9PLJHS/ref=sr_1_177?dib=eyJ2IjoiMSJ9.GC_mks60SsJR65Y1bkAkKMe0gFzgKtLSbNqmnrk3aoDCo6f2A8cK14vK5gdmMH37Ff2x_Oajm8Axk1Pr6Ku1TWc99kXNQLFabSSa_haSBX1IuX4rwP6X7Rm0VOfqIFXtuYXtsn8-0vCo2YiwhDzLh1gJ1iBSYNw4gfjo0drGHFUkDefPrPqFNwPeUqXMiJcE3BaSKvMyCpbsQdltX-Ah9yPw8ac6H1Rw77ufVbUEXCsm6-AztSvkowaenbTHvU7qvSzW0ZdFr90XwlDD-uWyX6YYrj7sfr3vx9Kwc5F2SFY.Be0Mv14M11eSWPjnQM1FtYPCum1gjLXOnEITbhdBiK8&dib_tag=se&keywords=camera+fpv&qid=1713351645&sr=8-177
Amazon;Queen.Y RC Drone with Camera Wifi D2 2.4GHz 1080P FPV 4K Folding Drone Support Altitude Hold with Optical Flow Positioning, Gesture Control, Handheld Camera;No featured offers available£45.99(2 new offers);https://m.media-amazon.com/images/I/5129JleAapS._AC_UL320_.jpg;https://www.amazon.co.uk/Queen-Y-Folding-Altitude-Positioning-Handheld-Red/dp/B08HQPDS93/ref=sr_1_187?dib=eyJ2IjoiMSJ9.GC_mks60SsJR65Y1bkAkKMe0gFzgKtLSbNqmnrk3aoDCo6f2A8cK14vK5gdmMH37Ff2x_Oajm8Axk1Pr6Ku1TWc99kXNQLFabSSa_haSBX1IuX4rwP6X7Rm0VOfqIFXtuYXtsn8-0vCo2YiwhDzLh1gJ1iBSYNw4gfjo0drGHFUkDefPrPqFNwPeUqXMiJcE3BaSKvMyCpbsQdltX-Ah9yPw8ac6H1Rw77ufVbUEXCsm6-AztSvkowaenbTHvU7qvSzW0ZdFr90XwlDD-uWyX6YYrj7sfr3vx9Kwc5F2SFY.Be0Mv14M11eSWPjnQM1FtYPCum1gjLXOnEITbhdBiK8&dib_tag=se&keywords=camera+fpv&qid=1713351645&sr=8-187
Amazon;AIVYNA Mini drone professional dual hd camera wifi fpv optical flow positioning folding quadcopter rc helicopter gifts,Black,Single power;"No featured offers available£68.68	
(1 new offer)";https://m.media-amazon.com/images/I/31TkSPTsFuL._AC_UL320_.jpg;https://www.amazon.co.uk/AIVYNA-professional-positioning-quadcopter-helicopter/dp/B0B8JZZHZM/ref=sr_1_189?dib=eyJ2IjoiMSJ9.GC_mks60SsJR65Y1bkAkKMe0gFzgKtLSbNqmnrk3aoDCo6f2A8cK14vK5gdmMH37Ff2x_Oajm8Axk1Pr6Ku1TWc99kXNQLFabSSa_haSBX1IuX4rwP6X7Rm0VOfqIFXtuYXtsn8-0vCo2YiwhDzLh1gJ1iBSYNw4gfjo0drGHFUkDefPrPqFNwPeUqXMiJcE3BaSKvMyCpbsQdltX-Ah9yPw8ac6H1Rw77ufVbUEXCsm6-AztSvkowaenbTHvU7qvSzW0ZdFr90XwlDD-uWyX6YYrj7sfr3vx9Kwc5F2SFY.Be0Mv14M11eSWPjnQM1FtYPCum1gjLXOnEITbhdBiK8&dib_tag=se&keywords=camera+fpv&qid=1713351645&sr=8-189
Shop;Name;Price;Image URL;Product URL
Amazon;E525 UAV Dual Camera UAV Aerial Photography HD 4K Pixel Long Endurance Remote Control UAV Model Aircraft WiFi FPV Fixed Height Foldable Quadcopter Suitable for Beginners to Practice;"No featured offers available£15.69	
(1 new offer)";https://m.media-amazon.com/images/I/51LCpT7wdWS._AC_UL320_.jpg;https://www.amazon.co.uk/Photography-Endurance-Aircraft-Quadcopter-Beginners/dp/B09VB5S7BG/ref=sr_1_198?dib=eyJ2IjoiMSJ9.RK1m2vNRETAGi865HxQTex0J6FKtYLl7n2k4Dyo7jT_qnUTsbObAEajZ47TdWwAsjE2c8XRTXE7Mv7oVFBAwZ4IAdm6OzxiW53d5RljSc-2haWvoFiVwyN55XtBaeMKPGodJtCnEO17eNxv4XbyHo53V2B6ZpUDFt4vo-je1wMQ1kp2ByslBUcZ7IunFE2lqNXz42ZbKW5QgsnVyJOUSRZLVD3xGjYnWnLA76iM4Y5fiszCqWMEcuzlQ9ZCB7Da_2HWsocA7qMisSSVIgrP0l8f8XeFF-eT933Y-wjjYJ0E.oUMkGNklXiNBj0MNB3w5gbdYdhXMSCnpIm6j-Xm-Evs&dib_tag=se&keywords=camera+fpv&qid=1713351647&sr=8-198
Amazon;Plastic Camera Lens Cover Drone Gimbal Guard Protector for DJI FPV Combo Accessories;"No featured offers available£10.69	
(1 new offer)";https://m.media-amazon.com/images/I/61Q5MZVHMHL._AC_UL320_.jpg;https://www.amazon.co.uk/Plastic-Camera-Gimbal-Protector-Accessories/dp/B0C38WS9MP/ref=sr_1_203?dib=eyJ2IjoiMSJ9.RK1m2vNRETAGi865HxQTex0J6FKtYLl7n2k4Dyo7jT_qnUTsbObAEajZ47TdWwAsjE2c8XRTXE7Mv7oVFBAwZ4IAdm6OzxiW53d5RljSc-2haWvoFiVwyN55XtBaeMKPGodJtCnEO17eNxv4XbyHo53V2B6ZpUDFt4vo-je1wMQ1kp2ByslBUcZ7IunFE2lqNXz42ZbKW5QgsnVyJOUSRZLVD3xGjYnWnLA76iM4Y5fiszCqWMEcuzlQ9ZCB7Da_2HWsocA7qMisSSVIgrP0l8f8XeFF-eT933Y-wjjYJ0E.oUMkGNklXiNBj0MNB3w5gbdYdhXMSCnpIm6j-Xm-Evs&dib_tag=se&keywords=camera+fpv&qid=1713351647&sr=8-203
Amazon;112mm Pusher design 2.5 inch Micro brushless whoop frame Carbon Fiber fpv racing Quadcopter drone frame with BN220 GPS mount Action camera mount Support Caddx Vista Digital FPV System;Usually dispatched within 1 to 2 months;https://m.media-amazon.com/images/I/61Fq2qek0pL._AC_UL320_.jpg;https://www.amazon.co.uk/Pusher-brushless-Quadcopter-Support-Digital/dp/B0CCDH5YCJ/ref=sr_1_205?dib=eyJ2IjoiMSJ9.RK1m2vNRETAGi865HxQTex0J6FKtYLl7n2k4Dyo7jT_qnUTsbObAEajZ47TdWwAsjE2c8XRTXE7Mv7oVFBAwZ4IAdm6OzxiW53d5RljSc-2haWvoFiVwyN55XtBaeMKPGodJtCnEO17eNxv4XbyHo53V2B6ZpUDFt4vo-je1wMQ1kp2ByslBUcZ7IunFE2lqNXz42ZbKW5QgsnVyJOUSRZLVD3xGjYnWnLA76iM4Y5fiszCqWMEcuzlQ9ZCB7Da_2HWsocA7qMisSSVIgrP0l8f8XeFF-eT933Y-wjjYJ0E.oUMkGNklXiNBj0MNB3w5gbdYdhXMSCnpIm6j-Xm-Evs&dib_tag=se&keywords=camera+fpv&qid=1713351647&sr=8-205
Amazon;Aerial Photography Drone HD Dual Camera Quadcopter Toy RC Airplane Stunt Show Drone Headless Mode, Auto Return, Altitude Hold, WiFi FPV, Track Flight;"No featured offers available£28.42	
(1 new offer)";https://m.media-amazon.com/images/I/61qxEc0h84S._AC_UL320_.jpg;https://www.amazon.co.uk/Photography-Quadcopter-Airplane-Headless-Altitude/dp/B09VB86H9P/ref=sr_1_212?dib=eyJ2IjoiMSJ9.RK1m2vNRETAGi865HxQTex0J6FKtYLl7n2k4Dyo7jT_qnUTsbObAEajZ47TdWwAsjE2c8XRTXE7Mv7oVFBAwZ4IAdm6OzxiW53d5RljSc-2haWvoFiVwyN55XtBaeMKPGodJtCnEO17eNxv4XbyHo53V2B6ZpUDFt4vo-je1wMQ1kp2ByslBUcZ7IunFE2lqNXz42ZbKW5QgsnVyJOUSRZLVD3xGjYnWnLA76iM4Y5fiszCqWMEcuzlQ9ZCB7Da_2HWsocA7qMisSSVIgrP0l8f8XeFF-eT933Y-wjjYJ0E.oUMkGNklXiNBj0MNB3w5gbdYdhXMSCnpIm6j-Xm-Evs&dib_tag=se&keywords=camera+fpv&qid=1713351647&sr=8-212
Amazon;MECCANIXITY Anti-Vibration Shock Absorption Damping Rubber Balls M7x20mm for RC Quadcopter FPV Gimbal Camera Mount (Black/Pack of 24);Only 3 left in stock.;https://m.media-amazon.com/images/I/71GGC4eYDpL._AC_UL320_.jpg;https://www.amazon.co.uk/MECCANIXITY-Anti-Vibration-Absorption-Damping-Quadcopter/dp/B0BZNWZ8QT/ref=sr_1_215?dib=eyJ2IjoiMSJ9.RK1m2vNRETAGi865HxQTex0J6FKtYLl7n2k4Dyo7jT_qnUTsbObAEajZ47TdWwAsjE2c8XRTXE7Mv7oVFBAwZ4IAdm6OzxiW53d5RljSc-2haWvoFiVwyN55XtBaeMKPGodJtCnEO17eNxv4XbyHo53V2B6ZpUDFt4vo-je1wMQ1kp2ByslBUcZ7IunFE2lqNXz42ZbKW5QgsnVyJOUSRZLVD3xGjYnWnLA76iM4Y5fiszCqWMEcuzlQ9ZCB7Da_2HWsocA7qMisSSVIgrP0l8f8XeFF-eT933Y-wjjYJ0E.oUMkGNklXiNBj0MNB3w5gbdYdhXMSCnpIm6j-Xm-Evs&dib_tag=se&keywords=camera+fpv&qid=1713351647&sr=8-215
Amazon;ERYUE RC Drone with Camera Dual Camera Drone 1080P RC Quadcopter WiFi FPV Drone Folding Drone Headless Mode One Key Return Drone for Adults with Portable Bag;Only 1 left in stock.;https://m.media-amazon.com/images/I/61TLeKV8n9L._AC_UL320_.jpg;https://www.amazon.co.uk/ERYUE-Quadcopter-Folding-Headless-Portable/dp/B0BYYM48PF/ref=sr_1_216?dib=eyJ2IjoiMSJ9.RK1m2vNRETAGi865HxQTex0J6FKtYLl7n2k4Dyo7jT_qnUTsbObAEajZ47TdWwAsjE2c8XRTXE7Mv7oVFBAwZ4IAdm6OzxiW53d5RljSc-2haWvoFiVwyN55XtBaeMKPGodJtCnEO17eNxv4XbyHo53V2B6ZpUDFt4vo-je1wMQ1kp2ByslBUcZ7IunFE2lqNXz42ZbKW5QgsnVyJOUSRZLVD3xGjYnWnLA76iM4Y5fiszCqWMEcuzlQ9ZCB7Da_2HWsocA7qMisSSVIgrP0l8f8XeFF-eT933Y-wjjYJ0E.oUMkGNklXiNBj0MNB3w5gbdYdhXMSCnpIm6j-Xm-Evs&dib_tag=se&keywords=camera+fpv&qid=1713351647&sr=8-216
Amazon;MECCANIXITY Anti-Vibration Shock Absorption Damping Rubber Balls M7x20mm for RC Quadcopter FPV Gimbal Camera Mount (Black/Pack of 12);Only 1 left in stock.;https://m.media-amazon.com/images/I/61hwv1XCqPL._AC_UL320_.jpg;https://www.amazon.co.uk/MECCANIXITY-Anti-Vibration-Absorption-Damping-Quadcopter/dp/B0BZNVBJTZ/ref=sr_1_218?dib=eyJ2IjoiMSJ9.RK1m2vNRETAGi865HxQTex0J6FKtYLl7n2k4Dyo7jT_qnUTsbObAEajZ47TdWwAsjE2c8XRTXE7Mv7oVFBAwZ4IAdm6OzxiW53d5RljSc-2haWvoFiVwyN55XtBaeMKPGodJtCnEO17eNxv4XbyHo53V2B6ZpUDFt4vo-je1wMQ1kp2ByslBUcZ7IunFE2lqNXz42ZbKW5QgsnVyJOUSRZLVD3xGjYnWnLA76iM4Y5fiszCqWMEcuzlQ9ZCB7Da_2HWsocA7qMisSSVIgrP0l8f8XeFF-eT933Y-wjjYJ0E.oUMkGNklXiNBj0MNB3w5gbdYdhXMSCnpIm6j-Xm-Evs&dib_tag=se&keywords=camera+fpv&qid=1713351647&sr=8-218
Amazon;MECCANIXITY Anti-Vibration Shock Absorption Damping Rubber Balls M4x12mm for RC Quadcopter FPV Gimbal Camera Mount (Black/Pack of 24);Only 3 left in stock.;https://m.media-amazon.com/images/I/71BZ0SPwf7L._AC_UL320_.jpg;https://www.amazon.co.uk/MECCANIXITY-Anti-Vibration-Absorption-Damping-Quadcopter/dp/B0BZNWK1VN/ref=sr_1_225?dib=eyJ2IjoiMSJ9.RK1m2vNRETAGi865HxQTex0J6FKtYLl7n2k4Dyo7jT_qnUTsbObAEajZ47TdWwAsjE2c8XRTXE7Mv7oVFBAwZ4IAdm6OzxiW53d5RljSc-2haWvoFiVwyN55XtBaeMKPGodJtCnEO17eNxv4XbyHo53V2B6ZpUDFt4vo-je1wMQ1kp2ByslBUcZ7IunFE2lqNXz42ZbKW5QgsnVyJOUSRZLVD3xGjYnWnLA76iM4Y5fiszCqWMEcuzlQ9ZCB7Da_2HWsocA7qMisSSVIgrP0l8f8XeFF-eT933Y-wjjYJ0E.oUMkGNklXiNBj0MNB3w5gbdYdhXMSCnpIm6j-Xm-Evs&dib_tag=se&keywords=camera+fpv&qid=1713351647&sr=8-225
Amazon;F11S 4K Gimbal Lens Cover Hood, FPV Drone Camera Guard Protector for F11S 4K PRO / F11 / F11 Pro Drone Quadcopter;Only 10 left in stock.;https://m.media-amazon.com/images/I/51U0DqiFA7L._AC_UL320_.jpg;https://www.amazon.co.uk/4K-Lens-Cover-Protector-Quadcopter/dp/B08T9Q2MVK/ref=sr_1_227?dib=eyJ2IjoiMSJ9.RK1m2vNRETAGi865HxQTex0J6FKtYLl7n2k4Dyo7jT_qnUTsbObAEajZ47TdWwAsjE2c8XRTXE7Mv7oVFBAwZ4IAdm6OzxiW53d5RljSc-2haWvoFiVwyN55XtBaeMKPGodJtCnEO17eNxv4XbyHo53V2B6ZpUDFt4vo-je1wMQ1kp2ByslBUcZ7IunFE2lqNXz42ZbKW5QgsnVyJOUSRZLVD3xGjYnWnLA76iM4Y5fiszCqWMEcuzlQ9ZCB7Da_2HWsocA7qMisSSVIgrP0l8f8XeFF-eT933Y-wjjYJ0E.oUMkGNklXiNBj0MNB3w5gbdYdhXMSCnpIm6j-Xm-Evs&dib_tag=se&keywords=camera+fpv&qid=1713351647&sr=8-227
Amazon;Camera Top Bracket For ԌОРRО Hero Sports Action Camera Adapter Mount Clamp Holder Fix Expansion Kit For For FPV Accessories;"No featured offers available£22.68	
(1 new offer)";https://m.media-amazon.com/images/I/31EE2+J3crL._AC_UL320_.jpg;https://www.amazon.co.uk/Camera-Bracket-Adapter-Expansion-Accessories/dp/B0CQPP4G72/ref=sr_1_228?dib=eyJ2IjoiMSJ9.RK1m2vNRETAGi865HxQTex0J6FKtYLl7n2k4Dyo7jT_qnUTsbObAEajZ47TdWwAsjE2c8XRTXE7Mv7oVFBAwZ4IAdm6OzxiW53d5RljSc-2haWvoFiVwyN55XtBaeMKPGodJtCnEO17eNxv4XbyHo53V2B6ZpUDFt4vo-je1wMQ1kp2ByslBUcZ7IunFE2lqNXz42ZbKW5QgsnVyJOUSRZLVD3xGjYnWnLA76iM4Y5fiszCqWMEcuzlQ9ZCB7Da_2HWsocA7qMisSSVIgrP0l8f8XeFF-eT933Y-wjjYJ0E.oUMkGNklXiNBj0MNB3w5gbdYdhXMSCnpIm6j-Xm-Evs&dib_tag=se&keywords=camera+fpv&qid=1713351647&sr=8-228
Amazon;"CAPART Action Camera Mount for DJI FPV Drone, with 1/4"" Screw Hole, Compatible DJI Action 4 3 Pocket 2 1 Insta360 GoPro Action Camera Strobe Light";Only 1 left in stock.;https://m.media-amazon.com/images/I/61ccZMpcp3L._AC_UL320_.jpg;https://www.amazon.co.uk/CAPART-Action-Camera-Compatible-Insta360/dp/B0CJ8X8V75/ref=sr_1_229?dib=eyJ2IjoiMSJ9.RK1m2vNRETAGi865HxQTex0J6FKtYLl7n2k4Dyo7jT_qnUTsbObAEajZ47TdWwAsjE2c8XRTXE7Mv7oVFBAwZ4IAdm6OzxiW53d5RljSc-2haWvoFiVwyN55XtBaeMKPGodJtCnEO17eNxv4XbyHo53V2B6ZpUDFt4vo-je1wMQ1kp2ByslBUcZ7IunFE2lqNXz42ZbKW5QgsnVyJOUSRZLVD3xGjYnWnLA76iM4Y5fiszCqWMEcuzlQ9ZCB7Da_2HWsocA7qMisSSVIgrP0l8f8XeFF-eT933Y-wjjYJ0E.oUMkGNklXiNBj0MNB3w5gbdYdhXMSCnpIm6j-Xm-Evs&dib_tag=se&keywords=camera+fpv&qid=1713351647&sr=8-229
Amazon;MECCANIXITY Anti-Vibration Shock Absorption Damping Rubber Balls M4x12mm for RC Quadcopter FPV Gimbal Camera Mount (Black/Pack of 12);Only 6 left in stock.;https://m.media-amazon.com/images/I/71odVbxVuVL._AC_UL320_.jpg;https://www.amazon.co.uk/MECCANIXITY-Anti-Vibration-Absorption-Damping-Quadcopter/dp/B0BZNX5S2K/ref=sr_1_230?dib=eyJ2IjoiMSJ9.RK1m2vNRETAGi865HxQTex0J6FKtYLl7n2k4Dyo7jT_qnUTsbObAEajZ47TdWwAsjE2c8XRTXE7Mv7oVFBAwZ4IAdm6OzxiW53d5RljSc-2haWvoFiVwyN55XtBaeMKPGodJtCnEO17eNxv4XbyHo53V2B6ZpUDFt4vo-je1wMQ1kp2ByslBUcZ7IunFE2lqNXz42ZbKW5QgsnVyJOUSRZLVD3xGjYnWnLA76iM4Y5fiszCqWMEcuzlQ9ZCB7Da_2HWsocA7qMisSSVIgrP0l8f8XeFF-eT933Y-wjjYJ0E.oUMkGNklXiNBj0MNB3w5gbdYdhXMSCnpIm6j-Xm-Evs&dib_tag=se&keywords=camera+fpv&qid=1713351647&sr=8-230
Amazon;E-outstanding 3A 5V DC-DC Converter Step Down UBEC Module for RC Quadcopter Plane Camera Servo FPV Holder, Plastic;Only 4 left in stock.;https://m.media-amazon.com/images/I/61gcvcAXcUL._AC_UL320_.jpg;https://www.amazon.co.uk/outstanding-Converter-Module-Quadcopter-Plastic/dp/B09VWVY6MG/ref=sr_1_233?dib=eyJ2IjoiMSJ9.RK1m2vNRETAGi865HxQTex0J6FKtYLl7n2k4Dyo7jT_qnUTsbObAEajZ47TdWwAsjE2c8XRTXE7Mv7oVFBAwZ4IAdm6OzxiW53d5RljSc-2haWvoFiVwyN55XtBaeMKPGodJtCnEO17eNxv4XbyHo53V2B6ZpUDFt4vo-je1wMQ1kp2ByslBUcZ7IunFE2lqNXz42ZbKW5QgsnVyJOUSRZLVD3xGjYnWnLA76iM4Y5fiszCqWMEcuzlQ9ZCB7Da_2HWsocA7qMisSSVIgrP0l8f8XeFF-eT933Y-wjjYJ0E.oUMkGNklXiNBj0MNB3w5gbdYdhXMSCnpIm6j-Xm-Evs&dib_tag=se&keywords=camera+fpv&qid=1713351647&sr=8-233
Amazon;XINANEE Repair Tools for DJI Mini 3 Pro Mavic 3 2 Air 2 2S Avata DJI FPV Drone, Mini Screwdrivers for RC Car RC Drone Glasses Camera Phone Tablet Electronics Repairing Fixing (24 Bits + 1 Handle);Phillips;https://m.media-amazon.com/images/I/51Dpp-vMD0L._AC_UL320_.jpg;https://www.amazon.co.uk/XINANEE-Screwdrivers-Glasses-Electronics-Repairing/dp/B0CCLM59WL/ref=sr_1_234?dib=eyJ2IjoiMSJ9.RK1m2vNRETAGi865HxQTex0J6FKtYLl7n2k4Dyo7jT_qnUTsbObAEajZ47TdWwAsjE2c8XRTXE7Mv7oVFBAwZ4IAdm6OzxiW53d5RljSc-2haWvoFiVwyN55XtBaeMKPGodJtCnEO17eNxv4XbyHo53V2B6ZpUDFt4vo-je1wMQ1kp2ByslBUcZ7IunFE2lqNXz42ZbKW5QgsnVyJOUSRZLVD3xGjYnWnLA76iM4Y5fiszCqWMEcuzlQ9ZCB7Da_2HWsocA7qMisSSVIgrP0l8f8XeFF-eT933Y-wjjYJ0E.oUMkGNklXiNBj0MNB3w5gbdYdhXMSCnpIm6j-Xm-Evs&dib_tag=se&keywords=camera+fpv&qid=1713351647&sr=8-234
Amazon;JXE 8520 Coreless CW CCW Motor For Tello 720P Camera WiFi FPV RC Quadcopter/Pack of 2 pairs;"No featured offers available£24.99	
(1 new offer)";https://m.media-amazon.com/images/I/61Ulh9ZHfUL._AC_UL320_.jpg;https://www.amazon.co.uk/JXE-Coreless-Motor-Camera-Quadcopter/dp/B07GLGD1RM/ref=sr_1_235?dib=eyJ2IjoiMSJ9.RK1m2vNRETAGi865HxQTex0J6FKtYLl7n2k4Dyo7jT_qnUTsbObAEajZ47TdWwAsjE2c8XRTXE7Mv7oVFBAwZ4IAdm6OzxiW53d5RljSc-2haWvoFiVwyN55XtBaeMKPGodJtCnEO17eNxv4XbyHo53V2B6ZpUDFt4vo-je1wMQ1kp2ByslBUcZ7IunFE2lqNXz42ZbKW5QgsnVyJOUSRZLVD3xGjYnWnLA76iM4Y5fiszCqWMEcuzlQ9ZCB7Da_2HWsocA7qMisSSVIgrP0l8f8XeFF-eT933Y-wjjYJ0E.oUMkGNklXiNBj0MNB3w5gbdYdhXMSCnpIm6j-Xm-Evs&dib_tag=se&keywords=camera+fpv&qid=1713351647&sr=8-235
Amazon;Video Switcher Module 3 Way Video Switcher Module Video Switcher Module 3 Channel Video Switcher Unit For FPV Camera Photography Equipment;"No featured offers available£8.52	
(1 new offer)";https://m.media-amazon.com/images/I/61fPrqRji6L._AC_UL320_.jpg;https://www.amazon.co.uk/Switcher-Module-Channel-Photography-Equipment/dp/B0CR9KMR5Y/ref=sr_1_237?dib=eyJ2IjoiMSJ9.RK1m2vNRETAGi865HxQTex0J6FKtYLl7n2k4Dyo7jT_qnUTsbObAEajZ47TdWwAsjE2c8XRTXE7Mv7oVFBAwZ4IAdm6OzxiW53d5RljSc-2haWvoFiVwyN55XtBaeMKPGodJtCnEO17eNxv4XbyHo53V2B6ZpUDFt4vo-je1wMQ1kp2ByslBUcZ7IunFE2lqNXz42ZbKW5QgsnVyJOUSRZLVD3xGjYnWnLA76iM4Y5fiszCqWMEcuzlQ9ZCB7Da_2HWsocA7qMisSSVIgrP0l8f8XeFF-eT933Y-wjjYJ0E.oUMkGNklXiNBj0MNB3w5gbdYdhXMSCnpIm6j-Xm-Evs&dib_tag=se&keywords=camera+fpv&qid=1713351647&sr=8-237
Amazon;Adjustable Camera Mount Protective Canopy Case Spare Part for Mobula6 Moblite6 Moblite7 Tiny Whoop Micro FPV Racing Quad Drone Quadcopter;Only 5 left in stock.;https://m.media-amazon.com/images/I/41+OQyFbXCL._AC_UL320_.jpg;https://www.amazon.co.uk/Adjustable-Protective-Moblite6-Moblite7-Quadcopter/dp/B0B7R2RSR5/ref=sr_1_242?dib=eyJ2IjoiMSJ9.RK1m2vNRETAGi865HxQTex0J6FKtYLl7n2k4Dyo7jT_qnUTsbObAEajZ47TdWwAsjE2c8XRTXE7Mv7oVFBAwZ4IAdm6OzxiW53d5RljSc-2haWvoFiVwyN55XtBaeMKPGodJtCnEO17eNxv4XbyHo53V2B6ZpUDFt4vo-je1wMQ1kp2ByslBUcZ7IunFE2lqNXz42ZbKW5QgsnVyJOUSRZLVD3xGjYnWnLA76iM4Y5fiszCqWMEcuzlQ9ZCB7Da_2HWsocA7qMisSSVIgrP0l8f8XeFF-eT933Y-wjjYJ0E.oUMkGNklXiNBj0MNB3w5gbdYdhXMSCnpIm6j-Xm-Evs&dib_tag=se&keywords=camera+fpv&qid=1713351647&sr=8-242
Amazon;LENSKINS 4-Pack Lens Filter Set ND8 ND16 ND32 CPL for DJI Action 2 Camera, QR Magnetic Design ND CPL Filter Kits Lens Protector Accessories for DJI Action 2 Vlogging FPV Shooting Photography;Only 15 left in stock.;https://m.media-amazon.com/images/I/51JOBKBrPML._AC_UL320_.jpg;https://www.amazon.co.uk/LENSKINS-Filter-Set-Accessories-Photography/dp/B0CVVLH7JV/ref=sr_1_243?dib=eyJ2IjoiMSJ9.RK1m2vNRETAGi865HxQTex0J6FKtYLl7n2k4Dyo7jT_qnUTsbObAEajZ47TdWwAsjE2c8XRTXE7Mv7oVFBAwZ4IAdm6OzxiW53d5RljSc-2haWvoFiVwyN55XtBaeMKPGodJtCnEO17eNxv4XbyHo53V2B6ZpUDFt4vo-je1wMQ1kp2ByslBUcZ7IunFE2lqNXz42ZbKW5QgsnVyJOUSRZLVD3xGjYnWnLA76iM4Y5fiszCqWMEcuzlQ9ZCB7Da_2HWsocA7qMisSSVIgrP0l8f8XeFF-eT933Y-wjjYJ0E.oUMkGNklXiNBj0MNB3w5gbdYdhXMSCnpIm6j-Xm-Evs&dib_tag=se&keywords=camera+fpv&qid=1713351647&sr=8-243
Shop;Name;Price;Image URL;Product URL
Hotline;iFlight FPV Lion 7 Analog 5.8G 1.6W Night vision camera 6s TBS;20 090 – 21 200 грн;https://hotline.ua/img/tx/448/448357029_s265.jpg;https://hotline.ua/ua/av-kvadrokoptery-dlya-videosemki/iflight-fpv-lion-7-analog-58g-16w-night-vision-camera-6s-tbs/
Hotline;FLH FLH7 FPV Night vision camera;16 000 – 19 000 грн;https://hotline.ua/img/tx/448/448357010_s265.jpg;https://hotline.ua/ua/av-kvadrokoptery-dlya-videosemki/flh-flh7-fpv-night-vision-camera/
Hotline;GEPRC Naked GoPro Hero 8 Full Camera GepRc FPV;11 999 грн;https://hotline.ua/img/tx/387/387022465_s265.jpg;https://hotline.ua/ua/av-ekshn-kamery/geprc-naked-gopro-hero-8-full-camera-geprc-fpv/
Shop;Name;Price;Image URL;Product URL
Rozetka;Квадрокоптер FPV Lion 7 Analog 5.8G 2.5W 2812 1150KV Twilight Camera 6s ELRS 915/868MHz;16 749₴;https://content.rozetka.com.ua/goods/images/big_tile/423816014.jpg;https://rozetka.com.ua/ua/426650712/p426650712/
Rozetka;"FPV Drone FLH7 7"" Night Vision Camera";19 250₴;https://content2.rozetka.com.ua/goods/images/big_tile/404887253.jpg;https://rozetka.com.ua/ua/415829439/p415829439/
Rozetka;Відеокамера для FPV дрона RunCam Night Eagle 3 Starlight night vision camera;3 310₴;https://content.rozetka.com.ua/goods/images/big_tile/376947512.jpg;https://rozetka.com.ua/ua/402249342/p402249342/
Rozetka;Квадрокоптер міні-дрон S89 Pro Black камера HD 4К 1080P WiFi FPV 2 аккумулятори по 1800 mAh з кейсом чорний S89 Pro with camera 4K швидкий маневрений квадрокоптер для зйомки;1 299₴;https://content2.rozetka.com.ua/goods/images/big_tile/409848403.jpg;https://rozetka.com.ua/ua/418426959/p418426959/
Rozetka;Квадрокоптер Aosenma CG035WS Camera Glonass GPS FPV 1080P (Білий);12 499₴;https://content1.rozetka.com.ua/goods/images/big_tile/16864571.jpg;https://rozetka.com.ua/ua/117124753/p117124753/
Rozetka;FPV складной квадрокоптер с двумя камерами Wi-Fi Drone 4К-E99Pro Dual-Camera авто зависание, 360°, флип, безголовый режим, сенсоры преград;1 350₴;https://content.rozetka.com.ua/goods/images/big_tile/345050480.jpg;https://rozetka.com.ua/ua/384443886/p384443886/
Rozetka;Складной квадрокоптер с двумя камерами FPV Wi-Fi Drone 4К Dual-Camera авто зависание, 360°, флип Черный;1 355₴;https://content1.rozetka.com.ua/goods/images/big_tile/426328389.jpg;https://rozetka.com.ua/ua/427877192/p427877192/
Rozetka;Квадрокоптер Visuo XS816 Battle Sharks 4K, з двома камерами, з FPV прямою трансляцією відео, оптичним утриманням позиції, до 20 хвилин польоту.;2 999₴;https://content.rozetka.com.ua/goods/images/big_tile/24079272.jpg;https://rozetka.com.ua/ua/208203313/p208203313/
Rozetka;Квадрокоптер Syma X5UW з FPV HD-камерою;2 394₴;https://content2.rozetka.com.ua/goods/images/big_tile/188999443.jpg;https://rozetka.com.ua/ua/169071652/p169071652/
Rozetka;Квадрокоптер Visuo XS816 з двома камерами, оптичною стабілізацією, до 20 хвилин польоту, барометром;2 999₴;https://content.rozetka.com.ua/goods/images/big_tile/20512152.jpg;https://rozetka.com.ua/ua/169071645/p169071645/
Rozetka;Відеокамера для FPV дрона Foxeer Night Cat 3 Micro (19х19) IR night vision camera;1 999₴;https://content.rozetka.com.ua/goods/images/big_tile/381121677.jpg;https://rozetka.com.ua/ua/404463174/p404463174/
Rozetka;Квадрокоптер MJX Bugs B20 EIS з електронною стабілізацією Wi-Fi 5G FPV 4K Camera GPS Чорний;8 999₴;https://content.rozetka.com.ua/goods/images/big_tile/34458309.jpg;https://rozetka.com.ua/ua/254754366/p254754366/
Rozetka;Квадрокоптер Drone E88 две камеры 4K и HD 20 минут полет Складной дрон Dual Camera FPV WiFi + сумка кейс;1 399₴;https://content2.rozetka.com.ua/goods/images/big_tile/229486981.jpg;https://rozetka.com.ua/ua/322567210/p322567210/
Rozetka;Відеокамера для FPV дрона Foxeer Night Cat 3 Micro (19х19) IR night vision camera;3 199₴;https://content1.rozetka.com.ua/goods/images/big_tile/376947510.jpg;https://rozetka.com.ua/ua/402249339/p402249339/
Rozetka;Foxeer Falkor 2 Micro 1200TVL FPV Camera 1.8mm Global WDR - Белый (HS1229-W);1 320₴;https://content1.rozetka.com.ua/goods/images/big_tile/201258390.jpg;https://rozetka.com.ua/ua/313241734/p313241734/
Rozetka;Квадрокоптер Hubsan H117S Zino - GPS, FPV, Ultra HD 4K Camera, 23 хв польоту + 1 акумулятор;13 300₴;https://content1.rozetka.com.ua/goods/images/big_tile/90489786.jpg;https://rozetka.com.ua/ua/116116549/p116116549/
Rozetka;Квадрокоптер Drone S62 две камеры 4K и HD Складной дрон Dual Camera FPV WiFi + сумка кейс;1 399₴;https://content1.rozetka.com.ua/goods/images/big_tile/229486979.jpg;https://rozetka.com.ua/ua/322567204/p322567204/
Rozetka;Квадрокоптер Hubsan ZINO PRO WiFi 5G FPV 4K Camera GPS 1573916165 Чорний;35 999₴;https://content1.rozetka.com.ua/goods/images/big_tile/36207790.jpg;https://rozetka.com.ua/ua/258567346/p258567346/
Rozetka;Камера DJI FPV Part 01 Camera;2 783₴;https://content1.rozetka.com.ua/goods/images/big_tile/227156467.jpg;https://rozetka.com.ua/ua/313355077/p313355077/
Rozetka;Квадрокоптер Eachine EX3 GPS 5G WiFi FPV with 2K Camera Optical Flow 3400mAh;6 300₴;https://content1.rozetka.com.ua/goods/images/big_tile/7554821.jpg;https://rozetka.com.ua/ua/267376511/p267376511/
Rozetka;FPV складной квадрокоптер с камерой Wi-Fi Drone 4К-8A Dual-Camera авто зависание, 360°, флип, безголовый режим, сенсоры преград;1 350₴;https://content1.rozetka.com.ua/goods/images/big_tile/345051186.jpg;https://rozetka.com.ua/ua/384443922/p384443922/
Rozetka;Квадрокоптер із камерою milochic S138 4K Dual camera, FPV 00131;2 990₴;https://content.rozetka.com.ua/goods/images/big_tile/366818667.jpg;https://rozetka.com.ua/ua/396778440/p396778440/
Rozetka;Квадрокоптер із камерою milochic S138 4K Dual camera, FPV 0013;2 690₴;https://content.rozetka.com.ua/goods/images/big_tile/366818395.jpg;https://rozetka.com.ua/ua/396778383/p396778383/
Rozetka;Квадрокоптер Visuo Battle Shark XS809S 720P;2 999₴;https://content2.rozetka.com.ua/goods/images/big_tile/14417266.jpg;https://rozetka.com.ua/ua/84974004/p84974004/
Rozetka;Квадрокоптер Syma Z1;2 399₴;https://content2.rozetka.com.ua/goods/images/big_tile/14433708.jpg;https://rozetka.com.ua/ua/85233912/p85233912/
Rozetka;Квадрокоптер JJRC H68 Black - дрон з HD-камерою, FPV, 20хв польоту;2 428₴;https://content1.rozetka.com.ua/goods/images/big_tile/103632119.jpg;https://rozetka.com.ua/ua/149710765/p149710765/
Rozetka;Квадрокоптер S150 4K Dual Camera, обхід перешкод, до 20 хв.;1 699₴;https://content1.rozetka.com.ua/goods/images/big_tile/366818408.jpg;https://rozetka.com.ua/ua/396778398/p396778398/
Rozetka;Квадрокоптер SFC E88 (WiFi 4k Dual camera) 2 камери + додатковий акумулятор;1 757₴;https://content.rozetka.com.ua/goods/images/big_tile/205489885.jpg;https://rozetka.com.ua/ua/267863526/p267863526/
Rozetka;Квадрокоптер JXD 509WС WI-FI Camera Black;1 745₴;https://content2.rozetka.com.ua/goods/images/big_tile/78464404.jpg;https://rozetka.com.ua/ua/88341867/p88341867/
Rozetka;Квадрокоптер SYMA X5HW З WI-FI Camera Blue;1 950₴;https://content1.rozetka.com.ua/goods/images/big_tile/77810857.png;https://rozetka.com.ua/ua/86862072/p86862072/
Rozetka;Камера Action Camera з роздільною здатністю Native 4K і повною комплектацією SJCAM SJ8 Plus (Чорний) - 911267;5 998₴;https://content2.rozetka.com.ua/goods/images/big_tile/117896343.jpg;https://rozetka.com.ua/ua/187376211/p187376211/
Rozetka;Квадрокоптер SFC E58 (Wi-Fi HD Camera) + додатковий акумулятор;1 211₴;https://content1.rozetka.com.ua/goods/images/big_tile/7912854.jpg;https://rozetka.com.ua/ua/267863516/p267863516/
Shop;Name;Price;Image URL;Product URL
RunCam;RunCam Link Digital FPV Air Unit Night Eagle HD Camera Version;US$72.99;https://cdn10.bigcommerce.com/s-m8o52p/products/409/images/2062/night-eagle-hd-03__44981.1696925117.210.210.jpg?c=3;https://shop.runcam.com/runcam-link-digital-fpv-air-unit-night-eagle-hd-camera-version/
RunCam;RunCam Phoenix 2 SP;US$22.99;https://cdn10.bigcommerce.com/s-m8o52p/products/405/images/2024/EAGLE3.2978__95634.1685966893.210.210.png?c=3;https://shop.runcam.com/runcam-phoenix-2-sp/
RunCam;RunCam Link Wasp;US$42.99;https://cdn10.bigcommerce.com/s-m8o52p/products/392/images/1952/WASP__71157.1685675572.210.210.jpg?c=3;https://shop.runcam.com/runcam-link-wasp/
RunCam;RunCam Thumb;US$49.99 US$44.99;https://cdn10.bigcommerce.com/s-m8o52p/products/382/images/1833/3__08363.1644218928.210.210.jpg?c=3;https://shop.runcam.com/runcam-thumb/
RunCam;RunCam Link Falcon Nano Kit;US$154.99;https://cdn10.bigcommerce.com/s-m8o52p/products/378/images/1959/falcon_nano__76809.1669001673.210.210.jpg?c=3;https://shop.runcam.com/runcam-link-falcon-nano-kit/
RunCam;RunCam Link Phoenix HD Nano Kit;US$139.99;https://cdn10.bigcommerce.com/s-m8o52p/products/377/images/1768/PH-HD-N-1000-11__95551.1639559412.210.210.jpg?c=3;https://shop.runcam.com/runcam-link-phoenix-hd-nano-kit/
RunCam;RunCam Night Eagle 3;US$69.99;https://cdn10.bigcommerce.com/s-m8o52p/products/374/images/2142/NIGHTEAGLE3-2__01520.1709792550.210.210.jpg?c=3;https://shop.runcam.com/runcam-night-eagle-3/
RunCam;RunCam Link Phoenix HD Kit;US$129.99;https://cdn10.bigcommerce.com/s-m8o52p/products/373/images/1863/001__28841.1649490171.210.210.jpg?c=3;https://shop.runcam.com/runcam-link-phoenix-hd-kit/
RunCam;DJI Digital HD FPV Air Unit Module;US$99.99;https://cdn10.bigcommerce.com/s-m8o52p/products/372/images/1681/2w4a0061-1__11377.1630724349.210.210.jpg?c=3;https://shop.runcam.com/dji-digital-hd-fpv-air-unit-module/
RunCam;DJI Digital HD FPV Air Unit;US$199.00;https://cdn10.bigcommerce.com/s-m8o52p/products/371/images/1678/AirUnit-01__51899.1630554929.210.210.jpg?c=3;https://shop.runcam.com/dji-digital-hd-fpv-air-unit/
RunCam;Replacement DJI FPV / Wasp 120FPS Camera Lens;US$9.99;https://cdn10.bigcommerce.com/s-m8o52p/products/369/images/1652/NKD_4108__34523.1624938241.210.210.jpg?c=3;https://shop.runcam.com/replacement-dji-fpv-wasp-120fps-camera-lens/
RunCam;RunCam Link MIPI HD Kit;US$129.99;https://cdn10.bigcommerce.com/s-m8o52p/products/367/images/1864/1__47140.1650354184.210.210.jpg?c=3;https://shop.runcam.com/runcam-link-mipi-hd-kit/
RunCam;RunCam Hybrid 2;US$109.99 US$84.99;https://cdn10.bigcommerce.com/s-m8o52p/products/360/images/1599/Hybrid2-1000-2__16113.1607070962.210.210.jpg?c=3;https://shop.runcam.com/runcam-hybrid-2/
Shop;Name;Price;Image URL;Product URL
RunCam;RunCam Nano 4(NTSC ONLY);US$19.99;https://cdn10.bigcommerce.com/s-m8o52p/products/353/images/1709/RunCam-Nano4-1__63949.1635737561.210.210.jpg?c=3;https://shop.runcam.com/runcam-nano-4-ntsc-only/
RunCam;RunCam Split 4;US$82.99;https://cdn10.bigcommerce.com/s-m8o52p/products/348/images/2130/sp4-02__87379.1706871777.210.210.png?c=3;https://shop.runcam.com/runcam-split-4/
RunCam;RunCam Phoenix 2;US$29.99;https://cdn10.bigcommerce.com/s-m8o52p/products/341/images/1815/2-2__46858.1644892341.210.210.jpg?c=3;https://shop.runcam.com/runcam-phoenix-2/
RunCam;RunCam Racer Nano 2 V2;US$35.99 US$31.99;https://cdn10.bigcommerce.com/s-m8o52p/products/329/images/1470/RACER-NANO-2-1000-l18-1__00290.1585033788.210.210.jpg?c=3;https://shop.runcam.com/runcam-racer-nano-2-v2/
RunCam;RunCam Nano 2;US$19.99 US$14.99;https://cdn10.bigcommerce.com/s-m8o52p/products/306/images/1266/NKD_1722__44932.1553753952.210.210.JPG?c=3;https://shop.runcam.com/runcam-nano-2/
RunCam;RunCam RC18G FPV Super FOV Lens for DJI FPV camera, Phoenix and Swift 2;US$12.99;https://cdn10.bigcommerce.com/s-m8o52p/products/283/images/1395/RC18G-1__37513.1573636638.210.210.jpg?c=3;https://shop.runcam.com/runcam-rc18g
RunCam;2pin extension cord for menu cable;US$2.99;https://cdn10.bigcommerce.com/s-m8o52p/products/170/images/580/SW2-2PCABLE__72749.1484020719.210.210.jpg?c=3;https://shop.runcam.com/2pin-extension-cord-for-menu-cable/
RunCam;RunCam RC25G FPV Lens 2.5mm FOV140 Wide Angle for Swift Series, Eagle 4:3 Series, Split 1/2;US$12.99;https://cdn10.bigcommerce.com/s-m8o52p/products/165/images/589/BB0006-1-banner__18963.1484117752.210.210.jpg?c=3;https://shop.runcam.com/lens-runcam-swift-rr/
